operation,scenario,tool,trial,elapsed_ns,units,input_bytes,output_bytes
convert,64,gsym-rs,0,886543,64,40416,6404
convert,64,LLVM,0,1287099,64,40416,6404
convert,64,gsym-rs,1,891773,64,40416,6404
convert,64,LLVM,1,1289283,64,40416,6404
convert,64,gsym-rs,2,881954,64,40416,6404
convert,64,LLVM,2,1306486,64,40416,6404
convert,64,LLVM,3,1395464,64,40416,6404
convert,64,gsym-rs,3,903195,64,40416,6404
convert,64,LLVM,4,1288742,64,40416,6404
convert,64,gsym-rs,4,885792,64,40416,6404
convert,64,gsym-rs,5,865062,64,40416,6404
convert,64,LLVM,5,1288141,64,40416,6404
convert,64,gsym-rs,6,874049,64,40416,6404
convert,64,LLVM,6,1284124,64,40416,6404
convert,64,LLVM,7,1321945,64,40416,6404
convert,64,gsym-rs,7,887464,64,40416,6404
convert,64,gsym-rs,8,867627,64,40416,6404
convert,64,LLVM,8,1363302,64,40416,6404
convert,64,gsym-rs,9,919375,64,40416,6404
convert,64,LLVM,9,1315763,64,40416,6404
convert,64,gsym-rs,10,884259,64,40416,6404
convert,64,LLVM,10,1269446,64,40416,6404
convert,64,gsym-rs,11,900940,64,40416,6404
convert,64,LLVM,11,1289854,64,40416,6404
convert,64,LLVM,12,1365898,64,40416,6404
convert,64,gsym-rs,12,883076,64,40416,6404
convert,64,gsym-rs,13,858380,64,40416,6404
convert,64,LLVM,13,1296738,64,40416,6404
convert,64,gsym-rs,14,897153,64,40416,6404
convert,64,LLVM,14,1294332,64,40416,6404
convert,64,LLVM,15,1276940,64,40416,6404
convert,64,gsym-rs,15,887124,64,40416,6404
convert,64,gsym-rs,16,912462,64,40416,6404
convert,64,LLVM,16,1334769,64,40416,6404
convert,64,LLVM,17,1305995,64,40416,6404
convert,64,gsym-rs,17,911039,64,40416,6404
convert,64,gsym-rs,18,941297,64,40416,6404
convert,64,LLVM,18,1292629,64,40416,6404
convert,64,LLVM,19,1285586,64,40416,6404
convert,64,gsym-rs,19,872907,64,40416,6404
convert,64,gsym-rs,20,862517,64,40416,6404
convert,64,LLVM,20,1267331,64,40416,6404
convert,64,LLVM,21,1265929,64,40416,6404
convert,64,gsym-rs,21,957547,64,40416,6404
convert,64,gsym-rs,22,860895,64,40416,6404
convert,64,LLVM,22,1278833,64,40416,6404
convert,64,gsym-rs,23,870733,64,40416,6404
convert,64,LLVM,23,1269516,64,40416,6404
convert,64,LLVM,24,1338316,64,40416,6404
convert,64,gsym-rs,24,907653,64,40416,6404
convert,64,gsym-rs,25,888688,64,40416,6404
convert,64,LLVM,25,1301356,64,40416,6404
convert,64,LLVM,26,1269055,64,40416,6404
convert,64,gsym-rs,26,883848,64,40416,6404
convert,64,LLVM,27,1290035,64,40416,6404
convert,64,gsym-rs,27,881714,64,40416,6404
convert,64,gsym-rs,28,872546,64,40416,6404
convert,64,LLVM,28,1346642,64,40416,6404
convert,64,LLVM,29,1274344,64,40416,6404
convert,64,gsym-rs,29,872897,64,40416,6404
convert,64,gsym-rs,30,862518,64,40416,6404
convert,64,LLVM,30,1356550,64,40416,6404
convert,64,gsym-rs,31,865253,64,40416,6404
convert,64,LLVM,31,1269055,64,40416,6404
convert,64,gsym-rs,32,871014,64,40416,6404
convert,64,LLVM,32,1337254,64,40416,6404
convert,64,LLVM,33,1261320,64,40416,6404
convert,64,gsym-rs,33,881133,64,40416,6404
convert,64,gsym-rs,34,871344,64,40416,6404
convert,64,LLVM,34,1273724,64,40416,6404
convert,64,LLVM,35,1269065,64,40416,6404
convert,64,gsym-rs,35,881764,64,40416,6404
convert,64,LLVM,36,1270448,64,40416,6404
convert,64,gsym-rs,36,913994,64,40416,6404
convert,64,LLVM,37,1261841,64,40416,6404
convert,64,gsym-rs,37,872216,64,40416,6404
convert,64,gsym-rs,38,882916,64,40416,6404
convert,64,LLVM,38,1272602,64,40416,6404
convert,64,gsym-rs,39,939954,64,40416,6404
convert,64,LLVM,39,1295555,64,40416,6404
convert,128,gsym-rs,0,980500,128,71696,12452
convert,128,LLVM,0,1472158,128,71696,12452
convert,128,LLVM,1,1476987,128,71696,12452
convert,128,gsym-rs,1,1052196,128,71696,12452
convert,128,gsym-rs,2,974098,128,71696,12452
convert,128,LLVM,2,1475114,128,71696,12452
convert,128,LLVM,3,1460737,128,71696,12452
convert,128,gsym-rs,3,988275,128,71696,12452
convert,128,gsym-rs,4,976292,128,71696,12452
convert,128,LLVM,4,1473280,128,71696,12452
convert,128,gsym-rs,5,1056895,128,71696,12452
convert,128,LLVM,5,1504520,128,71696,12452
convert,128,gsym-rs,6,1007501,128,71696,12452
convert,128,LLVM,6,1540197,128,71696,12452
convert,128,LLVM,7,1470795,128,71696,12452
convert,128,gsym-rs,7,993014,128,71696,12452
convert,128,gsym-rs,8,1022670,128,71696,12452
convert,128,LLVM,8,1470445,128,71696,12452
convert,128,gsym-rs,9,975210,128,71696,12452
convert,128,LLVM,9,1465526,128,71696,12452
convert,128,LLVM,10,1478871,128,71696,12452
convert,128,gsym-rs,10,1090789,128,71696,12452
convert,128,LLVM,11,1473461,128,71696,12452
convert,128,gsym-rs,11,987273,128,71696,12452
convert,128,LLVM,12,1464895,128,71696,12452
convert,128,gsym-rs,12,979929,128,71696,12452
convert,128,LLVM,13,1516953,128,71696,12452
convert,128,gsym-rs,13,986101,128,71696,12452
convert,128,gsym-rs,14,965663,128,71696,12452
convert,128,LLVM,14,1474964,128,71696,12452
convert,128,gsym-rs,15,963097,128,71696,12452
convert,128,LLVM,15,1458082,128,71696,12452
convert,128,LLVM,16,1476506,128,71696,12452
convert,128,gsym-rs,16,975982,128,71696,12452
convert,128,gsym-rs,17,1015216,128,71696,12452
convert,128,LLVM,17,1485865,128,71696,12452
convert,128,gsym-rs,18,996260,128,71696,12452
convert,128,LLVM,18,1516582,128,71696,12452
convert,128,gsym-rs,19,980550,128,71696,12452
convert,128,LLVM,19,1544084,128,71696,12452
convert,128,LLVM,20,1506002,128,71696,12452
convert,128,gsym-rs,20,992022,128,71696,12452
convert,128,gsym-rs,21,966083,128,71696,12452
convert,128,LLVM,21,1481326,128,71696,12452
convert,128,gsym-rs,22,967015,128,71696,12452
convert,128,LLVM,22,1460757,128,71696,12452
convert,128,LLVM,23,1472368,128,71696,12452
convert,128,gsym-rs,23,977775,128,71696,12452
convert,128,gsym-rs,24,956675,128,71696,12452
convert,128,LLVM,24,1455026,128,71696,12452
convert,128,LLVM,25,1492126,128,71696,12452
convert,128,gsym-rs,25,988205,128,71696,12452
convert,128,gsym-rs,26,968137,128,71696,12452
convert,128,LLVM,26,1475545,128,71696,12452
convert,128,gsym-rs,27,973577,128,71696,12452
convert,128,LLVM,27,1483430,128,71696,12452
convert,128,gsym-rs,28,978867,128,71696,12452
convert,128,LLVM,28,1443354,128,71696,12452
convert,128,gsym-rs,29,975832,128,71696,12452
convert,128,LLVM,29,1453083,128,71696,12452
convert,128,gsym-rs,30,982224,128,71696,12452
convert,128,LLVM,30,1459374,128,71696,12452
convert,128,LLVM,31,1475544,128,71696,12452
convert,128,gsym-rs,31,986712,128,71696,12452
convert,128,LLVM,32,1472489,128,71696,12452
convert,128,gsym-rs,32,1001701,128,71696,12452
convert,128,LLVM,33,1587366,128,71696,12452
convert,128,gsym-rs,33,992103,128,71696,12452
convert,128,gsym-rs,34,964149,128,71696,12452
convert,128,LLVM,34,1466347,128,71696,12452
convert,128,gsym-rs,35,982353,128,71696,12452
convert,128,LLVM,35,1516642,128,71696,12452
convert,128,LLVM,36,1454164,128,71696,12452
convert,128,gsym-rs,36,988656,128,71696,12452
convert,128,gsym-rs,37,973047,128,71696,12452
convert,128,LLVM,37,1495332,128,71696,12452
convert,128,LLVM,38,1552630,128,71696,12452
convert,128,gsym-rs,38,1016709,128,71696,12452
convert,128,gsym-rs,39,979228,128,71696,12452
convert,128,LLVM,39,1455988,128,71696,12452
convert,256,LLVM,0,1897581,256,128784,24612
convert,256,gsym-rs,0,1389062,256,128784,24612
convert,256,LLVM,1,2049358,256,128784,24612
convert,256,gsym-rs,1,1494581,256,128784,24612
convert,256,gsym-rs,2,1346652,256,128784,24612
convert,256,LLVM,2,2013470,256,128784,24612
convert,256,gsym-rs,3,1354145,256,128784,24612
convert,256,LLVM,3,2016646,256,128784,24612
convert,256,LLVM,4,2029089,256,128784,24612
convert,256,gsym-rs,4,1463401,256,128784,24612
convert,256,gsym-rs,5,1431271,256,128784,24612
convert,256,LLVM,5,2103811,256,128784,24612
convert,256,LLVM,6,2028979,256,128784,24612
convert,256,gsym-rs,6,1488699,256,128784,24612
convert,256,LLVM,7,2001277,256,128784,24612
convert,256,gsym-rs,7,1498658,256,128784,24612
convert,256,LLVM,8,1969948,256,128784,24612
convert,256,gsym-rs,8,1480514,256,128784,24612
convert,256,gsym-rs,9,1371739,256,128784,24612
convert,256,LLVM,9,2046102,256,128784,24612
convert,256,LLVM,10,1932968,256,128784,24612
convert,256,gsym-rs,10,1530238,256,128784,24612
convert,256,gsym-rs,11,1410481,256,128784,24612
convert,256,LLVM,11,2084124,256,128784,24612
convert,256,gsym-rs,12,1489641,256,128784,24612
convert,256,LLVM,12,2182759,256,128784,24612
convert,256,gsym-rs,13,1651036,256,128784,24612
convert,256,LLVM,13,2468829,256,128784,24612
convert,256,gsym-rs,14,1725967,256,128784,24612
convert,256,LLVM,14,2107598,256,128784,24612
convert,256,LLVM,15,1968755,256,128784,24612
convert,256,gsym-rs,15,1612704,256,128784,24612
convert,256,LLVM,16,2011106,256,128784,24612
convert,256,gsym-rs,16,1579350,256,128784,24612
convert,256,LLVM,17,1991698,256,128784,24612
convert,256,gsym-rs,17,1562328,256,128784,24612
convert,256,LLVM,18,2079043,256,128784,24612
convert,256,gsym-rs,18,1563982,256,128784,24612
convert,256,LLVM,19,2026585,256,128784,24612
convert,256,gsym-rs,19,1536139,256,128784,24612
convert,256,LLVM,20,1923831,256,128784,24612
convert,256,gsym-rs,20,1474202,256,128784,24612
convert,256,gsym-rs,21,1418166,256,128784,24612
convert,256,LLVM,21,1979375,256,128784,24612
convert,256,gsym-rs,22,1397757,256,128784,24612
convert,256,LLVM,22,2103360,256,128784,24612
convert,256,LLVM,23,1926616,256,128784,24612
convert,256,gsym-rs,23,1848128,256,128784,24612
convert,256,LLVM,24,3706284,256,128784,24612
convert,256,gsym-rs,24,2316021,256,128784,24612
convert,256,LLVM,25,2966137,256,128784,24612
convert,256,gsym-rs,25,1987361,256,128784,24612
convert,256,gsym-rs,26,1668379,256,128784,24612
convert,256,LLVM,26,2228015,256,128784,24612
convert,256,LLVM,27,1983333,256,128784,24612
convert,256,gsym-rs,27,1725386,256,128784,24612
convert,256,LLVM,28,2037014,256,128784,24612
convert,256,gsym-rs,28,1740765,256,128784,24612
convert,256,gsym-rs,29,1630587,256,128784,24612
convert,256,LLVM,29,2189011,256,128784,24612
convert,256,gsym-rs,30,1623755,256,128784,24612
convert,256,LLVM,30,2159055,256,128784,24612
convert,256,gsym-rs,31,1597785,256,128784,24612
convert,256,LLVM,31,2034439,256,128784,24612
convert,256,LLVM,32,1942776,256,128784,24612
convert,256,gsym-rs,32,1634073,256,128784,24612
convert,256,LLVM,33,1929802,256,128784,24612
convert,256,gsym-rs,33,1571326,256,128784,24612
convert,256,gsym-rs,34,1535087,256,128784,24612
convert,256,LLVM,34,2028668,256,128784,24612
convert,256,LLVM,35,2014001,256,128784,24612
convert,256,gsym-rs,35,1633974,256,128784,24612
convert,256,gsym-rs,36,1551718,256,128784,24612
convert,256,LLVM,36,2192878,256,128784,24612
convert,256,gsym-rs,37,1657107,256,128784,24612
convert,256,LLVM,37,2355045,256,128784,24612
convert,256,LLVM,38,2090515,256,128784,24612
convert,256,gsym-rs,38,1888013,256,128784,24612
convert,256,gsym-rs,39,1630848,256,128784,24612
convert,256,LLVM,39,2251439,256,128784,24612
convert,512,gsym-rs,0,1924902,512,242440,48932
convert,512,LLVM,0,2817597,512,242440,48932
convert,512,LLVM,1,2762744,512,242440,48932
convert,512,gsym-rs,1,2214088,512,242440,48932
convert,512,LLVM,2,3223423,512,242440,48932
convert,512,gsym-rs,2,2038598,512,242440,48932
convert,512,gsym-rs,3,1865330,512,242440,48932
convert,512,LLVM,3,2899402,512,242440,48932
convert,512,LLVM,4,2796237,512,242440,48932
convert,512,gsym-rs,4,1943708,512,242440,48932
convert,512,LLVM,5,2743909,512,242440,48932
convert,512,gsym-rs,5,1954739,512,242440,48932
convert,512,gsym-rs,6,1831476,512,242440,48932
convert,512,LLVM,6,2964104,512,242440,48932
convert,512,gsym-rs,7,1891650,512,242440,48932
convert,512,LLVM,7,2765419,512,242440,48932
convert,512,LLVM,8,2719953,512,242440,48932
convert,512,gsym-rs,8,1898944,512,242440,48932
convert,512,gsym-rs,9,1826537,512,242440,48932
convert,512,LLVM,9,2903990,512,242440,48932
convert,512,LLVM,10,2744068,512,242440,48932
convert,512,gsym-rs,10,1927978,512,242440,48932
convert,512,LLVM,11,2730072,512,242440,48932
convert,512,gsym-rs,11,1887603,512,242440,48932
convert,512,LLVM,12,2722298,512,242440,48932
convert,512,gsym-rs,12,1936755,512,242440,48932
convert,512,LLVM,13,2762173,512,242440,48932
convert,512,gsym-rs,13,1854330,512,242440,48932
convert,512,LLVM,14,2734401,512,242440,48932
convert,512,gsym-rs,14,1950511,512,242440,48932
convert,512,gsym-rs,15,1812130,512,242440,48932
convert,512,LLVM,15,2823298,512,242440,48932
convert,512,LLVM,16,2781098,512,242440,48932
convert,512,gsym-rs,16,1924882,512,242440,48932
convert,512,LLVM,17,2737506,512,242440,48932
convert,512,gsym-rs,17,1908101,512,242440,48932
convert,512,gsym-rs,18,1811799,512,242440,48932
convert,512,LLVM,18,2822998,512,242440,48932
convert,512,gsym-rs,19,1856464,512,242440,48932
convert,512,LLVM,19,2762954,512,242440,48932
convert,512,LLVM,20,2704213,512,242440,48932
convert,512,gsym-rs,20,1944269,512,242440,48932
convert,512,LLVM,21,2776019,512,242440,48932
convert,512,gsym-rs,21,1890287,512,242440,48932
convert,512,LLVM,22,2778995,512,242440,48932
convert,512,gsym-rs,22,1926465,512,242440,48932
convert,512,LLVM,23,2831544,512,242440,48932
convert,512,gsym-rs,23,1981159,512,242440,48932
convert,512,LLVM,24,2841602,512,242440,48932
convert,512,gsym-rs,24,1950992,512,242440,48932
convert,512,LLVM,25,3053663,512,242440,48932
convert,512,gsym-rs,25,2069716,512,242440,48932
convert,512,LLVM,26,2835180,512,242440,48932
convert,512,gsym-rs,26,1992190,512,242440,48932
convert,512,LLVM,27,2811456,512,242440,48932
convert,512,gsym-rs,27,1913320,512,242440,48932
convert,512,LLVM,28,2786929,512,242440,48932
convert,512,gsym-rs,28,1871863,512,242440,48932
convert,512,gsym-rs,29,1843659,512,242440,48932
convert,512,LLVM,29,2908429,512,242440,48932
convert,512,gsym-rs,30,1899295,512,242440,48932
convert,512,LLVM,30,2929359,512,242440,48932
convert,512,gsym-rs,31,2034559,512,242440,48932
convert,512,LLVM,31,2791779,512,242440,48932
convert,512,LLVM,32,2699094,512,242440,48932
convert,512,gsym-rs,32,1992370,512,242440,48932
convert,512,LLVM,33,2809322,512,242440,48932
convert,512,gsym-rs,33,1899935,512,242440,48932
convert,512,gsym-rs,34,1834973,512,242440,48932
convert,512,LLVM,34,2824971,512,242440,48932
convert,512,LLVM,35,2802829,512,242440,48932
convert,512,gsym-rs,35,1910706,512,242440,48932
convert,512,LLVM,36,2794033,512,242440,48932
convert,512,gsym-rs,36,1910055,512,242440,48932
convert,512,gsym-rs,37,1887753,512,242440,48932
convert,512,LLVM,37,2936692,512,242440,48932
convert,512,LLVM,38,2700166,512,242440,48932
convert,512,gsym-rs,38,1922398,512,242440,48932
convert,512,gsym-rs,39,2021385,512,242440,48932
convert,512,LLVM,39,2870787,512,242440,48932
convert,1024,gsym-rs,0,3504423,1024,473888,97596
convert,1024,LLVM,0,5513516,1024,473888,97596
convert,1024,LLVM,1,4549265,1024,473888,97596
convert,1024,gsym-rs,1,3475539,1024,473888,97596
convert,1024,gsym-rs,2,3165063,1024,473888,97596
convert,1024,LLVM,2,4623585,1024,473888,97596
convert,1024,gsym-rs,3,3152600,1024,473888,97596
convert,1024,LLVM,3,4534367,1024,473888,97596
convert,1024,gsym-rs,4,3110991,1024,473888,97596
convert,1024,LLVM,4,4450049,1024,473888,97596
convert,1024,LLVM,5,4358335,1024,473888,97596
convert,1024,gsym-rs,5,3123164,1024,473888,97596
convert,1024,gsym-rs,6,2992117,1024,473888,97596
convert,1024,LLVM,6,4624236,1024,473888,97596
convert,1024,gsym-rs,7,3050687,1024,473888,97596
convert,1024,LLVM,7,4563132,1024,473888,97596
convert,1024,LLVM,8,4337085,1024,473888,97596
convert,1024,gsym-rs,8,3104930,1024,473888,97596
convert,1024,gsym-rs,9,3025289,1024,473888,97596
convert,1024,LLVM,9,4774340,1024,473888,97596
convert,1024,LLVM,10,4375117,1024,473888,97596
convert,1024,gsym-rs,10,3157990,1024,473888,97596
convert,1024,gsym-rs,11,3064885,1024,473888,97596
convert,1024,LLVM,11,4587688,1024,473888,97596
convert,1024,gsym-rs,12,3127181,1024,473888,97596
convert,1024,LLVM,12,4571217,1024,473888,97596
convert,1024,LLVM,13,4355931,1024,473888,97596
convert,1024,gsym-rs,13,3141008,1024,473888,97596
convert,1024,gsym-rs,14,2947753,1024,473888,97596
convert,1024,LLVM,14,4757849,1024,473888,97596
convert,1024,gsym-rs,15,3142801,1024,473888,97596
convert,1024,LLVM,15,4697505,1024,473888,97596
convert,1024,LLVM,16,4364136,1024,473888,97596
convert,1024,gsym-rs,16,3222100,1024,473888,97596
convert,1024,gsym-rs,17,3073259,1024,473888,97596
convert,1024,LLVM,17,4628104,1024,473888,97596
convert,1024,LLVM,18,4324351,1024,473888,97596
convert,1024,gsym-rs,18,3042933,1024,473888,97596
convert,1024,gsym-rs,19,2958303,1024,473888,97596
convert,1024,LLVM,19,4638665,1024,473888,97596
convert,1024,LLVM,20,4335983,1024,473888,97596
convert,1024,gsym-rs,20,3050928,1024,473888,97596
convert,1024,gsym-rs,21,2954186,1024,473888,97596
convert,1024,LLVM,21,4593038,1024,473888,97596
convert,1024,gsym-rs,22,2999010,1024,473888,97596
convert,1024,LLVM,22,4490594,1024,473888,97596
convert,1024,gsym-rs,23,2955438,1024,473888,97596
convert,1024,LLVM,23,4540820,1024,473888,97596
convert,1024,gsym-rs,24,3097676,1024,473888,97596
convert,1024,LLVM,24,4982152,1024,473888,97596
convert,1024,gsym-rs,25,3105791,1024,473888,97596
convert,1024,LLVM,25,4534007,1024,473888,97596
convert,1024,LLVM,26,4340040,1024,473888,97596
convert,1024,gsym-rs,26,3055917,1024,473888,97596
convert,1024,gsym-rs,27,2981877,1024,473888,97596
convert,1024,LLVM,27,4603718,1024,473888,97596
convert,1024,LLVM,28,4346843,1024,473888,97596
convert,1024,gsym-rs,28,3077698,1024,473888,97596
convert,1024,LLVM,29,4464365,1024,473888,97596
convert,1024,gsym-rs,29,3041029,1024,473888,97596
convert,1024,LLVM,30,4519018,1024,473888,97596
convert,1024,gsym-rs,30,3095412,1024,473888,97596
convert,1024,gsym-rs,31,2918187,1024,473888,97596
convert,1024,LLVM,31,4664423,1024,473888,97596
convert,1024,LLVM,32,4370328,1024,473888,97596
convert,1024,gsym-rs,32,3135297,1024,473888,97596
convert,1024,LLVM,33,4485375,1024,473888,97596
convert,1024,gsym-rs,33,3097866,1024,473888,97596
convert,1024,gsym-rs,34,3053071,1024,473888,97596
convert,1024,LLVM,34,4805519,1024,473888,97596
convert,1024,LLVM,35,4368114,1024,473888,97596
convert,1024,gsym-rs,35,3133373,1024,473888,97596
convert,1024,LLVM,36,4365228,1024,473888,97596
convert,1024,gsym-rs,36,3077558,1024,473888,97596
convert,1024,LLVM,37,4422235,1024,473888,97596
convert,1024,gsym-rs,37,3110941,1024,473888,97596
convert,1024,gsym-rs,38,2971268,1024,473888,97596
convert,1024,LLVM,38,4727552,1024,473888,97596
convert,1024,LLVM,39,4413409,1024,473888,97596
convert,1024,gsym-rs,39,3470339,1024,473888,97596
convert,2048,gsym-rs,0,5708303,2048,934640,200016
convert,2048,LLVM,0,8286078,2048,934640,200016
convert,2048,LLVM,1,7742511,2048,934640,200016
convert,2048,gsym-rs,1,5655303,2048,934640,200016
convert,2048,LLVM,2,8149750,2048,934640,200016
convert,2048,gsym-rs,2,5549423,2048,934640,200016
convert,2048,LLVM,3,8217548,2048,934640,200016
convert,2048,gsym-rs,3,5642308,2048,934640,200016
convert,2048,gsym-rs,4,5191548,2048,934640,200016
convert,2048,LLVM,4,8658190,2048,934640,200016
convert,2048,gsym-rs,5,5588667,2048,934640,200016
convert,2048,LLVM,5,8504600,2048,934640,200016
convert,2048,LLVM,6,8256001,2048,934640,200016
convert,2048,gsym-rs,6,5803683,2048,934640,200016
convert,2048,gsym-rs,7,5451869,2048,934640,200016
convert,2048,LLVM,7,8765903,2048,934640,200016
convert,2048,gsym-rs,8,5489199,2048,934640,200016
convert,2048,LLVM,8,8357612,2048,934640,200016
convert,2048,LLVM,9,7679663,2048,934640,200016
convert,2048,gsym-rs,9,5543612,2048,934640,200016
convert,2048,gsym-rs,10,5300713,2048,934640,200016
convert,2048,LLVM,10,8617613,2048,934640,200016
convert,2048,gsym-rs,11,5509839,2048,934640,200016
convert,2048,LLVM,11,9721226,2048,934640,200016
convert,2048,gsym-rs,12,6727005,2048,934640,200016
convert,2048,LLVM,12,9465203,2048,934640,200016
convert,2048,LLVM,13,8315563,2048,934640,200016
convert,2048,gsym-rs,13,5777654,2048,934640,200016
convert,2048,gsym-rs,14,5469462,2048,934640,200016
convert,2048,LLVM,14,8602294,2048,934640,200016
convert,2048,gsym-rs,15,5692123,2048,934640,200016
convert,2048,LLVM,15,8421303,2048,934640,200016
convert,2048,gsym-rs,16,5546608,2048,934640,200016
convert,2048,LLVM,16,8292740,2048,934640,200016
convert,2048,gsym-rs,17,5752747,2048,934640,200016
convert,2048,LLVM,17,9157883,2048,934640,200016
convert,2048,LLVM,18,7693890,2048,934640,200016
convert,2048,gsym-rs,18,5738099,2048,934640,200016
convert,2048,gsym-rs,19,5264074,2048,934640,200016
convert,2048,LLVM,19,8498078,2048,934640,200016
convert,2048,gsym-rs,20,5705678,2048,934640,200016
convert,2048,LLVM,20,8458714,2048,934640,200016
convert,2048,LLVM,21,7539809,2048,934640,200016
convert,2048,gsym-rs,21,5539695,2048,934640,200016
convert,2048,gsym-rs,22,5303479,2048,934640,200016
convert,2048,LLVM,22,8789848,2048,934640,200016
convert,2048,gsym-rs,23,5566304,2048,934640,200016
convert,2048,LLVM,23,8357572,2048,934640,200016
convert,2048,gsym-rs,24,5452209,2048,934640,200016
convert,2048,LLVM,24,8437904,2048,934640,200016
convert,2048,gsym-rs,25,5590170,2048,934640,200016
convert,2048,LLVM,25,8399061,2048,934640,200016
convert,2048,LLVM,26,7578663,2048,934640,200016
convert,2048,gsym-rs,26,5616279,2048,934640,200016
convert,2048,LLVM,27,8349166,2048,934640,200016
convert,2048,gsym-rs,27,5895715,2048,934640,200016
convert,2048,gsym-rs,28,5668136,2048,934640,200016
convert,2048,LLVM,28,9154184,2048,934640,200016
convert,2048,gsym-rs,29,5821154,2048,934640,200016
convert,2048,LLVM,29,8918489,2048,934640,200016
convert,2048,LLVM,30,7746537,2048,934640,200016
convert,2048,gsym-rs,30,5666112,2048,934640,200016
convert,2048,LLVM,31,7960120,2048,934640,200016
convert,2048,gsym-rs,31,5385853,2048,934640,200016
convert,2048,gsym-rs,32,5307946,2048,934640,200016
convert,2048,LLVM,32,8620978,2048,934640,200016
convert,2048,gsym-rs,33,5453882,2048,934640,200016
convert,2048,LLVM,33,8313989,2048,934640,200016
convert,2048,gsym-rs,34,5433533,2048,934640,200016
convert,2048,LLVM,34,8486895,2048,934640,200016
convert,2048,gsym-rs,35,5583526,2048,934640,200016
convert,2048,LLVM,35,8394751,2048,934640,200016
convert,2048,gsym-rs,36,5473238,2048,934640,200016
convert,2048,LLVM,36,8488188,2048,934640,200016
convert,2048,gsym-rs,37,5484269,2048,934640,200016
convert,2048,LLVM,37,8405271,2048,934640,200016
convert,2048,gsym-rs,38,5435036,2048,934640,200016
convert,2048,LLVM,38,8352080,2048,934640,200016
convert,2048,gsym-rs,39,5633030,2048,934640,200016
convert,2048,LLVM,39,8486704,2048,934640,200016
convert,4096,LLVM,0,14905447,4096,1860232,408912
convert,4096,gsym-rs,0,10097804,4096,1860232,408912
convert,4096,gsym-rs,1,9463508,4096,1860232,408912
convert,4096,LLVM,1,16157830,4096,1860232,408912
convert,4096,gsym-rs,2,10773480,4096,1860232,408912
convert,4096,LLVM,2,16090613,4096,1860232,408912
convert,4096,gsym-rs,3,10827411,4096,1860232,408912
convert,4096,LLVM,3,16363508,4096,1860232,408912
convert,4096,LLVM,4,14996979,4096,1860232,408912
convert,4096,gsym-rs,4,10154051,4096,1860232,408912
convert,4096,LLVM,5,16095402,4096,1860232,408912
convert,4096,gsym-rs,5,10245814,4096,1860232,408912
convert,4096,gsym-rs,6,9451274,4096,1860232,408912
convert,4096,LLVM,6,16365051,4096,1860232,408912
convert,4096,LLVM,7,14763078,4096,1860232,408912
convert,4096,gsym-rs,7,10263377,4096,1860232,408912
convert,4096,LLVM,8,15896247,4096,1860232,408912
convert,4096,gsym-rs,8,10178186,4096,1860232,408912
convert,4096,gsym-rs,9,9455152,4096,1860232,408912
convert,4096,LLVM,9,16531576,4096,1860232,408912
convert,4096,LLVM,10,14898553,4096,1860232,408912
convert,4096,gsym-rs,10,10033002,4096,1860232,408912
convert,4096,LLVM,11,16044015,4096,1860232,408912
convert,4096,gsym-rs,11,10059462,4096,1860232,408912
convert,4096,LLVM,12,15998679,4096,1860232,408912
convert,4096,gsym-rs,12,10131738,4096,1860232,408912
convert,4096,LLVM,13,16039376,4096,1860232,408912
convert,4096,gsym-rs,13,10172425,4096,1860232,408912
convert,4096,gsym-rs,14,9998327,4096,1860232,408912
convert,4096,LLVM,14,16475319,4096,1860232,408912
convert,4096,LLVM,15,15213558,4096,1860232,408912
convert,4096,gsym-rs,15,10088527,4096,1860232,408912
convert,4096,gsym-rs,16,9320989,4096,1860232,408912
convert,4096,LLVM,16,16169462,4096,1860232,408912
convert,4096,gsym-rs,17,10164801,4096,1860232,408912
convert,4096,LLVM,17,16254563,4096,1860232,408912
convert,4096,LLVM,18,14788216,4096,1860232,408912
convert,4096,gsym-rs,18,10077156,4096,1860232,408912
convert,4096,gsym-rs,19,9558888,4096,1860232,408912
convert,4096,LLVM,19,16307362,4096,1860232,408912
convert,4096,LLVM,20,14956483,4096,1860232,408912
convert,4096,gsym-rs,20,10060724,4096,1860232,408912
convert,4096,gsym-rs,21,9494076,4096,1860232,408912
convert,4096,LLVM,21,16315488,4096,1860232,408912
convert,4096,LLVM,22,14822490,4096,1860232,408912
convert,4096,gsym-rs,22,10109447,4096,1860232,408912
convert,4096,gsym-rs,23,9448550,4096,1860232,408912
convert,4096,LLVM,23,16391230,4096,1860232,408912
convert,4096,LLVM,24,14936024,4096,1860232,408912
convert,4096,gsym-rs,24,10026801,4096,1860232,408912
convert,4096,gsym-rs,25,9402373,4096,1860232,408912
convert,4096,LLVM,25,16395007,4096,1860232,408912
convert,4096,LLVM,26,14970840,4096,1860232,408912
convert,4096,gsym-rs,26,10231717,4096,1860232,408912
convert,4096,gsym-rs,27,9519934,4096,1860232,408912
convert,4096,LLVM,27,16521957,4096,1860232,408912
convert,4096,gsym-rs,28,10127110,4096,1860232,408912
convert,4096,LLVM,28,15995344,4096,1860232,408912
convert,4096,LLVM,29,14881481,4096,1860232,408912
convert,4096,gsym-rs,29,10318952,4096,1860232,408912
convert,4096,gsym-rs,30,9543609,4096,1860232,408912
convert,4096,LLVM,30,16489947,4096,1860232,408912
convert,4096,gsym-rs,31,10152588,4096,1860232,408912
convert,4096,LLVM,31,16277966,4096,1860232,408912
convert,4096,LLVM,32,14792042,4096,1860232,408912
convert,4096,gsym-rs,32,10054623,4096,1860232,408912
convert,4096,gsym-rs,33,9261276,4096,1860232,408912
convert,4096,LLVM,33,16314726,4096,1860232,408912
convert,4096,gsym-rs,34,9902266,4096,1860232,408912
convert,4096,LLVM,34,16098337,4096,1860232,408912
convert,4096,gsym-rs,35,10516294,4096,1860232,408912
convert,4096,LLVM,35,16433901,4096,1860232,408912
convert,4096,gsym-rs,36,10479044,4096,1860232,408912
convert,4096,LLVM,36,16593642,4096,1860232,408912
convert,4096,LLVM,37,15022718,4096,1860232,408912
convert,4096,gsym-rs,37,10239592,4096,1860232,408912
convert,4096,LLVM,38,16743546,4096,1860232,408912
convert,4096,gsym-rs,38,9999078,4096,1860232,408912
convert,4096,gsym-rs,39,9656272,4096,1860232,408912
convert,4096,LLVM,39,16602529,4096,1860232,408912
convert,8192,gsym-rs,0,19170014,8192,3711416,826704
convert,8192,LLVM,0,31535458,8192,3711416,826704
convert,8192,LLVM,1,30048532,8192,3711416,826704
convert,8192,gsym-rs,1,19770016,8192,3711416,826704
convert,8192,LLVM,2,31340911,8192,3711416,826704
convert,8192,gsym-rs,2,19584526,8192,3711416,826704
convert,8192,gsym-rs,3,19044027,8192,3711416,826704
convert,8192,LLVM,3,31348275,8192,3711416,826704
convert,8192,gsym-rs,4,19740019,8192,3711416,826704
convert,8192,LLVM,4,31289183,8192,3711416,826704
convert,8192,LLVM,5,29697450,8192,3711416,826704
convert,8192,gsym-rs,5,19811173,8192,3711416,826704
convert,8192,LLVM,6,30996410,8192,3711416,826704
convert,8192,gsym-rs,6,19473767,8192,3711416,826704
convert,8192,gsym-rs,7,19133805,8192,3711416,826704
convert,8192,LLVM,7,31019654,8192,3711416,826704
convert,8192,gsym-rs,8,19337089,8192,3711416,826704
convert,8192,LLVM,8,31305975,8192,3711416,826704
convert,8192,gsym-rs,9,19671310,8192,3711416,826704
convert,8192,LLVM,9,32967280,8192,3711416,826704
convert,8192,LLVM,10,29892848,8192,3711416,826704
convert,8192,gsym-rs,10,22599065,8192,3711416,826704
convert,8192,gsym-rs,11,18958656,8192,3711416,826704
convert,8192,LLVM,11,32696027,8192,3711416,826704
convert,8192,gsym-rs,12,22740201,8192,3711416,826704
convert,8192,LLVM,12,31267813,8192,3711416,826704
convert,8192,gsym-rs,13,19711205,8192,3711416,826704
convert,8192,LLVM,13,31194805,8192,3711416,826704
convert,8192,LLVM,14,29775006,8192,3711416,826704
convert,8192,gsym-rs,14,19924698,8192,3711416,826704
convert,8192,LLVM,15,31213510,8192,3711416,826704
convert,8192,gsym-rs,15,19666711,8192,3711416,826704
convert,8192,gsym-rs,16,19210450,8192,3711416,826704
convert,8192,LLVM,16,31068065,8192,3711416,826704
convert,8192,gsym-rs,17,19738717,8192,3711416,826704
convert,8192,LLVM,17,31424007,8192,3711416,826704
convert,8192,LLVM,18,29423783,8192,3711416,826704
convert,8192,gsym-rs,18,19672953,8192,3711416,826704
convert,8192,LLVM,19,31178184,8192,3711416,826704
convert,8192,gsym-rs,19,22046132,8192,3711416,826704
convert,8192,gsym-rs,20,19048945,8192,3711416,826704
convert,8192,LLVM,20,31003213,8192,3711416,826704
convert,8192,LLVM,21,29216883,8192,3711416,826704
convert,8192,gsym-rs,21,19276976,8192,3711416,826704
convert,8192,gsym-rs,22,18905284,8192,3711416,826704
convert,8192,LLVM,22,30985661,8192,3711416,826704
convert,8192,LLVM,23,29379078,8192,3711416,826704
convert,8192,gsym-rs,23,19390390,8192,3711416,826704
convert,8192,LLVM,24,31276699,8192,3711416,826704
convert,8192,gsym-rs,24,19713660,8192,3711416,826704
convert,8192,gsym-rs,25,18664781,8192,3711416,826704
convert,8192,LLVM,25,31914563,8192,3711416,826704
convert,8192,LLVM,26,29481462,8192,3711416,826704
convert,8192,gsym-rs,26,19465943,8192,3711416,826704
convert,8192,gsym-rs,27,19451586,8192,3711416,826704
convert,8192,LLVM,27,31363453,8192,3711416,826704
convert,8192,gsym-rs,28,19848835,8192,3711416,826704
convert,8192,LLVM,28,31762015,8192,3711416,826704
convert,8192,gsym-rs,29,22659829,8192,3711416,826704
convert,8192,LLVM,29,31442632,8192,3711416,826704
convert,8192,LLVM,30,29160416,8192,3711416,826704
convert,8192,gsym-rs,30,19272618,8192,3711416,826704
convert,8192,gsym-rs,31,19103950,8192,3711416,826704
convert,8192,LLVM,31,30774722,8192,3711416,826704
convert,8192,LLVM,32,29602731,8192,3711416,826704
convert,8192,gsym-rs,32,20075223,8192,3711416,826704
convert,8192,gsym-rs,33,19290621,8192,3711416,826704
convert,8192,LLVM,33,31334558,8192,3711416,826704
convert,8192,LLVM,34,29961407,8192,3711416,826704
convert,8192,gsym-rs,34,19407903,8192,3711416,826704
convert,8192,LLVM,35,31188403,8192,3711416,826704
convert,8192,gsym-rs,35,19610685,8192,3711416,826704
convert,8192,gsym-rs,36,19035029,8192,3711416,826704
convert,8192,LLVM,36,31239430,8192,3711416,826704
convert,8192,gsym-rs,37,20265421,8192,3711416,826704
convert,8192,LLVM,37,31477428,8192,3711416,826704
convert,8192,LLVM,38,29501760,8192,3711416,826704
convert,8192,gsym-rs,38,19578695,8192,3711416,826704
convert,8192,gsym-rs,39,19107717,8192,3711416,826704
convert,8192,LLVM,39,31090658,8192,3711416,826704
convert,16384,gsym-rs,0,38113691,16384,7434872,1668672
convert,16384,LLVM,0,62977298,16384,7434872,1668672
convert,16384,LLVM,1,62407103,16384,7434872,1668672
convert,16384,gsym-rs,1,39601318,16384,7434872,1668672
convert,16384,gsym-rs,2,39719161,16384,7434872,1668672
convert,16384,LLVM,2,63514141,16384,7434872,1668672
convert,16384,gsym-rs,3,39137563,16384,7434872,1668672
convert,16384,LLVM,3,64363745,16384,7434872,1668672
convert,16384,gsym-rs,4,40379126,16384,7434872,1668672
convert,16384,LLVM,4,65433994,16384,7434872,1668672
convert,16384,gsym-rs,5,40379236,16384,7434872,1668672
convert,16384,LLVM,5,64279476,16384,7434872,1668672
convert,16384,gsym-rs,6,40564696,16384,7434872,1668672
convert,16384,LLVM,6,64717412,16384,7434872,1668672
convert,16384,LLVM,7,64120597,16384,7434872,1668672
convert,16384,gsym-rs,7,42841994,16384,7434872,1668672
convert,16384,gsym-rs,8,39386543,16384,7434872,1668672
convert,16384,LLVM,8,64216487,16384,7434872,1668672
convert,16384,LLVM,9,62531027,16384,7434872,1668672
convert,16384,gsym-rs,9,39125440,16384,7434872,1668672
convert,16384,gsym-rs,10,38459864,16384,7434872,1668672
convert,16384,LLVM,10,62564009,16384,7434872,1668672
convert,16384,gsym-rs,11,38289052,16384,7434872,1668672
convert,16384,LLVM,11,63305368,16384,7434872,1668672
convert,16384,gsym-rs,12,43709020,16384,7434872,1668672
convert,16384,LLVM,12,62580831,16384,7434872,1668672
convert,16384,gsym-rs,13,38553300,16384,7434872,1668672
convert,16384,LLVM,13,62323415,16384,7434872,1668672
convert,16384,gsym-rs,14,40061115,16384,7434872,1668672
convert,16384,LLVM,14,63890973,16384,7434872,1668672
convert,16384,LLVM,15,62229398,16384,7434872,1668672
convert,16384,gsym-rs,15,40197883,16384,7434872,1668672
convert,16384,LLVM,16,69599155,16384,7434872,1668672
convert,16384,gsym-rs,16,37863228,16384,7434872,1668672
convert,16384,LLVM,17,62563619,16384,7434872,1668672
convert,16384,gsym-rs,17,38839480,16384,7434872,1668672
convert,16384,LLVM,18,61964828,16384,7434872,1668672
convert,16384,gsym-rs,18,38544504,16384,7434872,1668672
convert,16384,LLVM,19,61772005,16384,7434872,1668672
convert,16384,gsym-rs,19,37614699,16384,7434872,1668672
convert,16384,LLVM,20,61701221,16384,7434872,1668672
convert,16384,gsym-rs,20,37684291,16384,7434872,1668672
convert,16384,LLVM,21,62151651,16384,7434872,1668672
convert,16384,gsym-rs,21,37494653,16384,7434872,1668672
convert,16384,gsym-rs,22,37567560,16384,7434872,1668672
convert,16384,LLVM,22,61281869,16384,7434872,1668672
convert,16384,gsym-rs,23,38196347,16384,7434872,1668672
convert,16384,LLVM,23,61640005,16384,7434872,1668672
convert,16384,LLVM,24,60850715,16384,7434872,1668672
convert,16384,gsym-rs,24,38610899,16384,7434872,1668672
convert,16384,LLVM,25,61412947,16384,7434872,1668672
convert,16384,gsym-rs,25,37710159,16384,7434872,1668672
convert,16384,LLVM,26,61882573,16384,7434872,1668672
convert,16384,gsym-rs,26,37763651,16384,7434872,1668672
convert,16384,LLVM,27,61883495,16384,7434872,1668672
convert,16384,gsym-rs,27,37657590,16384,7434872,1668672
convert,16384,gsym-rs,28,37612245,16384,7434872,1668672
convert,16384,LLVM,28,63864022,16384,7434872,1668672
convert,16384,gsym-rs,29,39485881,16384,7434872,1668672
convert,16384,LLVM,29,64487228,16384,7434872,1668672
convert,16384,gsym-rs,30,37874169,16384,7434872,1668672
convert,16384,LLVM,30,61866152,16384,7434872,1668672
convert,16384,gsym-rs,31,40796814,16384,7434872,1668672
convert,16384,LLVM,31,62180596,16384,7434872,1668672
convert,16384,LLVM,32,61021498,16384,7434872,1668672
convert,16384,gsym-rs,32,38037437,16384,7434872,1668672
convert,16384,gsym-rs,33,38229389,16384,7434872,1668672
convert,16384,LLVM,33,62570691,16384,7434872,1668672
convert,16384,gsym-rs,34,38948977,16384,7434872,1668672
convert,16384,LLVM,34,62198389,16384,7434872,1668672
convert,16384,gsym-rs,35,38427072,16384,7434872,1668672
convert,16384,LLVM,35,62059827,16384,7434872,1668672
convert,16384,gsym-rs,36,37244020,16384,7434872,1668672
convert,16384,LLVM,36,62522210,16384,7434872,1668672
convert,16384,gsym-rs,37,40926900,16384,7434872,1668672
convert,16384,LLVM,37,63048553,16384,7434872,1668672
convert,16384,LLVM,38,61933068,16384,7434872,1668672
convert,16384,gsym-rs,38,43864583,16384,7434872,1668672
convert,16384,gsym-rs,39,38903862,16384,7434872,1668672
convert,16384,LLVM,39,62937023,16384,7434872,1668672
convert,32768,gsym-rs,0,84640728,32768,15019832,3356224
convert,32768,LLVM,0,130731641,32768,15019832,3356224
convert,32768,LLVM,1,130523530,32768,15019832,3356224
convert,32768,gsym-rs,1,80331627,32768,15019832,3356224
convert,32768,LLVM,2,134122441,32768,15019832,3356224
convert,32768,gsym-rs,2,82821335,32768,15019832,3356224
convert,32768,gsym-rs,3,82565091,32768,15019832,3356224
convert,32768,LLVM,3,131235813,32768,15019832,3356224
convert,32768,LLVM,4,131542562,32768,15019832,3356224
convert,32768,gsym-rs,4,84029134,32768,15019832,3356224
convert,32768,LLVM,5,131054692,32768,15019832,3356224
convert,32768,gsym-rs,5,82464983,32768,15019832,3356224
convert,32768,gsym-rs,6,82713100,32768,15019832,3356224
convert,32768,LLVM,6,129837986,32768,15019832,3356224
convert,32768,gsym-rs,7,81321374,32768,15019832,3356224
convert,32768,LLVM,7,132574580,32768,15019832,3356224
convert,32768,gsym-rs,8,87118554,32768,15019832,3356224
convert,32768,LLVM,8,129757834,32768,15019832,3356224
convert,32768,gsym-rs,9,81094536,32768,15019832,3356224
convert,32768,LLVM,9,130311399,32768,15019832,3356224
convert,32768,LLVM,10,124931396,32768,15019832,3356224
convert,32768,gsym-rs,10,81584791,32768,15019832,3356224
convert,32768,LLVM,11,133850467,32768,15019832,3356224
convert,32768,gsym-rs,11,81063187,32768,15019832,3356224
convert,32768,gsym-rs,12,81322887,32768,15019832,3356224
convert,32768,LLVM,12,129737796,32768,15019832,3356224
convert,32768,LLVM,13,127057378,32768,15019832,3356224
convert,32768,gsym-rs,13,82849037,32768,15019832,3356224
convert,32768,gsym-rs,14,81046195,32768,15019832,3356224
convert,32768,LLVM,14,129955307,32768,15019832,3356224
convert,32768,gsym-rs,15,81510611,32768,15019832,3356224
convert,32768,LLVM,15,130837621,32768,15019832,3356224
convert,32768,gsym-rs,16,86256638,32768,15019832,3356224
convert,32768,LLVM,16,130837021,32768,15019832,3356224
convert,32768,gsym-rs,17,82809172,32768,15019832,3356224
convert,32768,LLVM,17,130119878,32768,15019832,3356224
convert,32768,LLVM,18,127161765,32768,15019832,3356224
convert,32768,gsym-rs,18,81587216,32768,15019832,3356224
convert,32768,LLVM,19,130256826,32768,15019832,3356224
convert,32768,gsym-rs,19,88172292,32768,15019832,3356224
convert,32768,LLVM,20,136893520,32768,15019832,3356224
convert,32768,gsym-rs,20,87084309,32768,15019832,3356224
convert,32768,gsym-rs,21,88650334,32768,15019832,3356224
convert,32768,LLVM,21,130837793,32768,15019832,3356224
convert,32768,LLVM,22,134645868,32768,15019832,3356224
convert,32768,gsym-rs,22,87510934,32768,15019832,3356224
convert,32768,gsym-rs,23,84643263,32768,15019832,3356224
convert,32768,LLVM,23,134900007,32768,15019832,3356224
convert,32768,LLVM,24,134896310,32768,15019832,3356224
convert,32768,gsym-rs,24,100329192,32768,15019832,3356224
convert,32768,LLVM,25,142001689,32768,15019832,3356224
convert,32768,gsym-rs,25,89934487,32768,15019832,3356224
convert,32768,LLVM,26,139183290,32768,15019832,3356224
convert,32768,gsym-rs,26,90399836,32768,15019832,3356224
convert,32768,LLVM,27,132874205,32768,15019832,3356224
convert,32768,gsym-rs,27,92442269,32768,15019832,3356224
convert,32768,gsym-rs,28,89662765,32768,15019832,3356224
convert,32768,LLVM,28,131545468,32768,15019832,3356224
convert,32768,LLVM,29,128983713,32768,15019832,3356224
convert,32768,gsym-rs,29,81963186,32768,15019832,3356224
convert,32768,gsym-rs,30,80741651,32768,15019832,3356224
convert,32768,LLVM,30,132528633,32768,15019832,3356224
convert,32768,gsym-rs,31,90170562,32768,15019832,3356224
convert,32768,LLVM,31,136167810,32768,15019832,3356224
convert,32768,LLVM,32,130472453,32768,15019832,3356224
convert,32768,gsym-rs,32,82798512,32768,15019832,3356224
convert,32768,gsym-rs,33,81422896,32768,15019832,3356224
convert,32768,LLVM,33,130365701,32768,15019832,3356224
convert,32768,gsym-rs,34,93213475,32768,15019832,3356224
convert,32768,LLVM,34,131104435,32768,15019832,3356224
convert,32768,gsym-rs,35,81507326,32768,15019832,3356224
convert,32768,LLVM,35,158912770,32768,15019832,3356224
convert,32768,LLVM,36,129144457,32768,15019832,3356224
convert,32768,gsym-rs,36,81375315,32768,15019832,3356224
convert,32768,LLVM,37,129833497,32768,15019832,3356224
convert,32768,gsym-rs,37,86695996,32768,15019832,3356224
convert,32768,LLVM,38,133650831,32768,15019832,3356224
convert,32768,gsym-rs,38,82360415,32768,15019832,3356224
convert,32768,gsym-rs,39,82036915,32768,15019832,3356224
convert,32768,LLVM,39,132513655,32768,15019832,3356224
lookup,1,gsym-rs,0,721041,1,3356224,0
lookup,1,LLVM,0,1077173,1,3356224,0
lookup,1,gsym-rs,1,736810,1,3356224,0
lookup,1,LLVM,1,1034311,1,3356224,0
lookup,1,LLVM,2,1033640,1,3356224,0
lookup,1,gsym-rs,2,777888,1,3356224,0
lookup,1,gsym-rs,3,720951,1,3356224,0
lookup,1,LLVM,3,1046906,1,3356224,0
lookup,1,LLVM,4,1032258,1,3356224,0
lookup,1,gsym-rs,4,746930,1,3356224,0
lookup,1,gsym-rs,5,732201,1,3356224,0
lookup,1,LLVM,5,1038219,1,3356224,0
lookup,1,LLVM,6,1079587,1,3356224,0
lookup,1,gsym-rs,6,758722,1,3356224,0
lookup,1,gsym-rs,7,705892,1,3356224,0
lookup,1,LLVM,7,1031095,1,3356224,0
lookup,1,gsym-rs,8,726902,1,3356224,0
lookup,1,LLVM,8,1024063,1,3356224,0
lookup,1,gsym-rs,9,742051,1,3356224,0
lookup,1,LLVM,9,1014555,1,3356224,0
lookup,1,gsym-rs,10,743644,1,3356224,0
lookup,1,LLVM,10,1080750,1,3356224,0
lookup,1,LLVM,11,1006850,1,3356224,0
lookup,1,gsym-rs,11,742942,1,3356224,0
lookup,1,LLVM,12,1018042,1,3356224,0
lookup,1,gsym-rs,12,734636,1,3356224,0
lookup,1,gsym-rs,13,795822,1,3356224,0
lookup,1,LLVM,13,1028481,1,3356224,0
lookup,1,gsym-rs,14,712375,1,3356224,0
lookup,1,LLVM,14,1014855,1,3356224,0
lookup,1,LLVM,15,1020776,1,3356224,0
lookup,1,gsym-rs,15,739144,1,3356224,0
lookup,1,LLVM,16,1036255,1,3356224,0
lookup,1,gsym-rs,16,842861,1,3356224,0
lookup,1,LLVM,17,1023872,1,3356224,0
lookup,1,gsym-rs,17,729747,1,3356224,0
lookup,1,gsym-rs,18,734336,1,3356224,0
lookup,1,LLVM,18,1024514,1,3356224,0
lookup,1,LLVM,19,1024694,1,3356224,0
lookup,1,gsym-rs,19,746439,1,3356224,0
lookup,1,LLVM,20,1031687,1,3356224,0
lookup,1,gsym-rs,20,725810,1,3356224,0
lookup,1,LLVM,21,1022660,1,3356224,0
lookup,1,gsym-rs,21,722283,1,3356224,0
lookup,1,gsym-rs,22,746860,1,3356224,0
lookup,1,LLVM,22,1018903,1,3356224,0
lookup,1,LLVM,23,1007732,1,3356224,0
lookup,1,gsym-rs,23,735598,1,3356224,0
lookup,1,LLVM,24,1017561,1,3356224,0
lookup,1,gsym-rs,24,710220,1,3356224,0
lookup,1,LLVM,25,1075981,1,3356224,0
lookup,1,gsym-rs,25,719317,1,3356224,0
lookup,1,gsym-rs,26,710981,1,3356224,0
lookup,1,LLVM,26,1026036,1,3356224,0
lookup,1,LLVM,27,1013282,1,3356224,0
lookup,1,gsym-rs,27,844173,1,3356224,0
lookup,1,LLVM,28,1013052,1,3356224,0
lookup,1,gsym-rs,28,730298,1,3356224,0
lookup,1,gsym-rs,29,704910,1,3356224,0
lookup,1,LLVM,29,1023912,1,3356224,0
lookup,1,LLVM,30,1042727,1,3356224,0
lookup,1,gsym-rs,30,736078,1,3356224,0
lookup,1,gsym-rs,31,697195,1,3356224,0
lookup,1,LLVM,31,1052396,1,3356224,0
lookup,1,LLVM,32,1015776,1,3356224,0
lookup,1,gsym-rs,32,762228,1,3356224,0
lookup,1,gsym-rs,33,710000,1,3356224,0
lookup,1,LLVM,33,1029953,1,3356224,0
lookup,1,LLVM,34,1016288,1,3356224,0
lookup,1,gsym-rs,34,736330,1,3356224,0
lookup,1,gsym-rs,35,766637,1,3356224,0
lookup,1,LLVM,35,1032779,1,3356224,0
lookup,1,LLVM,36,1009976,1,3356224,0
lookup,1,gsym-rs,36,745998,1,3356224,0
lookup,1,gsym-rs,37,697656,1,3356224,0
lookup,1,LLVM,37,1090017,1,3356224,0
lookup,1,gsym-rs,38,711042,1,3356224,0
lookup,1,LLVM,38,1015146,1,3356224,0
lookup,1,gsym-rs,39,720920,1,3356224,0
lookup,1,LLVM,39,1062705,1,3356224,0
lookup,2,LLVM,0,1018222,2,3356224,0
lookup,2,gsym-rs,0,729086,2,3356224,0
lookup,2,gsym-rs,1,781384,2,3356224,0
lookup,2,LLVM,1,1052005,2,3356224,0
lookup,2,LLVM,2,1035815,2,3356224,0
lookup,2,gsym-rs,2,765214,2,3356224,0
lookup,2,gsym-rs,3,716292,2,3356224,0
lookup,2,LLVM,3,1059640,2,3356224,0
lookup,2,gsym-rs,4,722073,2,3356224,0
lookup,2,LLVM,4,1054660,2,3356224,0
lookup,2,gsym-rs,5,754374,2,3356224,0
lookup,2,LLVM,5,1055412,2,3356224,0
lookup,2,LLVM,6,1180287,2,3356224,0
lookup,2,gsym-rs,6,815539,2,3356224,0
lookup,2,LLVM,7,1038089,2,3356224,0
lookup,2,gsym-rs,7,770804,2,3356224,0
lookup,2,gsym-rs,8,729336,2,3356224,0
lookup,2,LLVM,8,1044982,2,3356224,0
lookup,2,gsym-rs,9,728595,2,3356224,0
lookup,2,LLVM,9,1044020,2,3356224,0
lookup,2,LLVM,10,1038530,2,3356224,0
lookup,2,gsym-rs,10,737251,2,3356224,0
lookup,2,LLVM,11,1150812,2,3356224,0
lookup,2,gsym-rs,11,728805,2,3356224,0
lookup,2,gsym-rs,12,697215,2,3356224,0
lookup,2,LLVM,12,1044330,2,3356224,0
lookup,2,LLVM,13,1025545,2,3356224,0
lookup,2,gsym-rs,13,852208,2,3356224,0
lookup,2,gsym-rs,14,714258,2,3356224,0
lookup,2,LLVM,14,1031637,2,3356224,0
lookup,2,gsym-rs,15,715250,2,3356224,0
lookup,2,LLVM,15,1023601,2,3356224,0
lookup,2,gsym-rs,16,814858,2,3356224,0
lookup,2,LLVM,16,1027499,2,3356224,0
lookup,2,LLVM,17,1020495,2,3356224,0
lookup,2,gsym-rs,17,722814,2,3356224,0
lookup,2,LLVM,18,1030996,2,3356224,0
lookup,2,gsym-rs,18,944392,2,3356224,0
lookup,2,LLVM,19,1061513,2,3356224,0
lookup,2,gsym-rs,19,768761,2,3356224,0
lookup,2,LLVM,20,1038900,2,3356224,0
lookup,2,gsym-rs,20,802875,2,3356224,0
lookup,2,LLVM,21,1167733,2,3356224,0
lookup,2,gsym-rs,21,812794,2,3356224,0
lookup,2,gsym-rs,22,731641,2,3356224,0
lookup,2,LLVM,22,1125083,2,3356224,0
lookup,2,gsym-rs,23,766727,2,3356224,0
lookup,2,LLVM,23,1079247,2,3356224,0
lookup,2,LLVM,24,1190797,2,3356224,0
lookup,2,gsym-rs,24,819196,2,3356224,0
lookup,2,gsym-rs,25,747420,2,3356224,0
lookup,2,LLVM,25,1060671,2,3356224,0
lookup,2,LLVM,26,1034361,2,3356224,0
lookup,2,gsym-rs,26,737582,2,3356224,0
lookup,2,LLVM,27,1024694,2,3356224,0
lookup,2,gsym-rs,27,734967,2,3356224,0
lookup,2,gsym-rs,28,705582,2,3356224,0
lookup,2,LLVM,28,1037378,2,3356224,0
lookup,2,LLVM,29,1093163,2,3356224,0
lookup,2,gsym-rs,29,730719,2,3356224,0
lookup,2,LLVM,30,1027198,2,3356224,0
lookup,2,gsym-rs,30,745898,2,3356224,0
lookup,2,LLVM,31,1054089,2,3356224,0
lookup,2,gsym-rs,31,775674,2,3356224,0
lookup,2,LLVM,32,1040574,2,3356224,0
lookup,2,gsym-rs,32,745226,2,3356224,0
lookup,2,LLVM,33,1045072,2,3356224,0
lookup,2,gsym-rs,33,728585,2,3356224,0
lookup,2,gsym-rs,34,721210,2,3356224,0
lookup,2,LLVM,34,1156332,2,3356224,0
lookup,2,gsym-rs,35,748412,2,3356224,0
lookup,2,LLVM,35,1049139,2,3356224,0
lookup,2,gsym-rs,36,729206,2,3356224,0
lookup,2,LLVM,36,1020626,2,3356224,0
lookup,2,gsym-rs,37,733514,2,3356224,0
lookup,2,LLVM,37,1051544,2,3356224,0
lookup,2,LLVM,38,1047387,2,3356224,0
lookup,2,gsym-rs,38,759022,2,3356224,0
lookup,2,LLVM,39,1043279,2,3356224,0
lookup,2,gsym-rs,39,751699,2,3356224,0
lookup,4,LLVM,0,1054189,4,3356224,0
lookup,4,gsym-rs,0,755255,4,3356224,0
lookup,4,gsym-rs,1,737362,4,3356224,0
lookup,4,LLVM,1,1052887,4,3356224,0
lookup,4,LLVM,2,1170148,4,3356224,0
lookup,4,gsym-rs,2,757149,4,3356224,0
lookup,4,gsym-rs,3,714889,4,3356224,0
lookup,4,LLVM,3,1026798,4,3356224,0
lookup,4,LLVM,4,1049371,4,3356224,0
lookup,4,gsym-rs,4,745877,4,3356224,0
lookup,4,LLVM,5,1033811,4,3356224,0
lookup,4,gsym-rs,5,739075,4,3356224,0
lookup,4,gsym-rs,6,705050,4,3356224,0
lookup,4,LLVM,6,1041465,4,3356224,0
lookup,4,LLVM,7,1162624,4,3356224,0
lookup,4,gsym-rs,7,775062,4,3356224,0
lookup,4,LLVM,8,1049951,4,3356224,0
lookup,4,gsym-rs,8,755856,4,3356224,0
lookup,4,gsym-rs,9,716713,4,3356224,0
lookup,4,LLVM,9,1039201,4,3356224,0
lookup,4,LLVM,10,1035564,4,3356224,0
lookup,4,gsym-rs,10,741139,4,3356224,0
lookup,4,gsym-rs,11,711663,4,3356224,0
lookup,4,LLVM,11,1058848,4,3356224,0
lookup,4,LLVM,12,1027799,4,3356224,0
lookup,4,gsym-rs,12,928142,4,3356224,0
lookup,4,gsym-rs,13,733865,4,3356224,0
lookup,4,LLVM,13,1050542,4,3356224,0
lookup,4,gsym-rs,14,724407,4,3356224,0
lookup,4,LLVM,14,1032068,4,3356224,0
lookup,4,gsym-rs,15,722554,4,3356224,0
lookup,4,LLVM,15,1033571,4,3356224,0
lookup,4,LLVM,16,1020235,4,3356224,0
lookup,4,gsym-rs,16,747741,4,3356224,0
lookup,4,LLVM,17,1148518,4,3356224,0
lookup,4,gsym-rs,17,733855,4,3356224,0
lookup,4,LLVM,18,1023451,4,3356224,0
lookup,4,gsym-rs,18,746770,4,3356224,0
lookup,4,gsym-rs,19,713105,4,3356224,0
lookup,4,LLVM,19,1035063,4,3356224,0
lookup,4,LLVM,20,1024804,4,3356224,0
lookup,4,gsym-rs,20,748152,4,3356224,0
lookup,4,LLVM,21,1033089,4,3356224,0
lookup,4,gsym-rs,21,848762,4,3356224,0
lookup,4,LLVM,22,1017810,4,3356224,0
lookup,4,gsym-rs,22,732802,4,3356224,0
lookup,4,LLVM,23,1044020,4,3356224,0
lookup,4,gsym-rs,23,737441,4,3356224,0
lookup,4,LLVM,24,1023011,4,3356224,0
lookup,4,gsym-rs,24,833393,4,3356224,0
lookup,4,LLVM,25,1021829,4,3356224,0
lookup,4,gsym-rs,25,735167,4,3356224,0
lookup,4,LLVM,26,1018793,4,3356224,0
lookup,4,gsym-rs,26,800911,4,3356224,0
lookup,4,LLVM,27,1013843,4,3356224,0
lookup,4,gsym-rs,27,714709,4,3356224,0
lookup,4,gsym-rs,28,690513,4,3356224,0
lookup,4,LLVM,28,1029633,4,3356224,0
lookup,4,gsym-rs,29,777968,4,3356224,0
lookup,4,LLVM,29,1032177,4,3356224,0
lookup,4,gsym-rs,30,717684,4,3356224,0
lookup,4,LLVM,30,1012851,4,3356224,0
lookup,4,LLVM,31,1412825,4,3356224,0
lookup,4,gsym-rs,31,791233,4,3356224,0
lookup,4,LLVM,32,1066002,4,3356224,0
lookup,4,gsym-rs,32,751278,4,3356224,0
lookup,4,LLVM,33,1024834,4,3356224,0
lookup,4,gsym-rs,33,780343,4,3356224,0
lookup,4,gsym-rs,34,707966,4,3356224,0
lookup,4,LLVM,34,1033230,4,3356224,0
lookup,4,gsym-rs,35,751408,4,3356224,0
lookup,4,LLVM,35,1021839,4,3356224,0
lookup,4,LLVM,36,1020135,4,3356224,0
lookup,4,gsym-rs,36,745316,4,3356224,0
lookup,4,LLVM,37,1030494,4,3356224,0
lookup,4,gsym-rs,37,738022,4,3356224,0
lookup,4,LLVM,38,1032258,4,3356224,0
lookup,4,gsym-rs,38,791003,4,3356224,0
lookup,4,gsym-rs,39,705071,4,3356224,0
lookup,4,LLVM,39,1044471,4,3356224,0
lookup,8,LLVM,0,1163946,8,3356224,0
lookup,8,gsym-rs,0,762890,8,3356224,0
lookup,8,gsym-rs,1,729967,8,3356224,0
lookup,8,LLVM,1,1047327,8,3356224,0
lookup,8,gsym-rs,2,780322,8,3356224,0
lookup,8,LLVM,2,1049670,8,3356224,0
lookup,8,gsym-rs,3,724457,8,3356224,0
lookup,8,LLVM,3,1041836,8,3356224,0
lookup,8,gsym-rs,4,747500,8,3356224,0
lookup,8,LLVM,4,1052225,8,3356224,0
lookup,8,LLVM,5,1037518,8,3356224,0
lookup,8,gsym-rs,5,760445,8,3356224,0
lookup,8,gsym-rs,6,727943,8,3356224,0
lookup,8,LLVM,6,1120955,8,3356224,0
lookup,8,LLVM,7,1042988,8,3356224,0
lookup,8,gsym-rs,7,754764,8,3356224,0
lookup,8,LLVM,8,1026897,8,3356224,0
lookup,8,gsym-rs,8,737081,8,3356224,0
lookup,8,gsym-rs,9,712735,8,3356224,0
lookup,8,LLVM,9,1050332,8,3356224,0
lookup,8,gsym-rs,10,737451,8,3356224,0
lookup,8,LLVM,10,1040663,8,3356224,0
lookup,8,LLVM,11,1101358,8,3356224,0
lookup,8,gsym-rs,11,751387,8,3356224,0
lookup,8,LLVM,12,1048529,8,3356224,0
lookup,8,gsym-rs,12,759944,8,3356224,0
lookup,8,LLVM,13,1083654,8,3356224,0
lookup,8,gsym-rs,13,796012,8,3356224,0
lookup,8,gsym-rs,14,718115,8,3356224,0
lookup,8,LLVM,14,1073926,8,3356224,0
lookup,8,LLVM,15,1050652,8,3356224,0
lookup,8,gsym-rs,15,744816,8,3356224,0
lookup,8,LLVM,16,1065019,8,3356224,0
lookup,8,gsym-rs,16,729847,8,3356224,0
lookup,8,LLVM,17,1022390,8,3356224,0
lookup,8,gsym-rs,17,769853,8,3356224,0
lookup,8,gsym-rs,18,722013,8,3356224,0
lookup,8,LLVM,18,1128069,8,3356224,0
lookup,8,LLVM,19,1055712,8,3356224,0
lookup,8,gsym-rs,19,765114,8,3356224,0
lookup,8,LLVM,20,1054069,8,3356224,0
lookup,8,gsym-rs,20,737322,8,3356224,0
lookup,8,LLVM,21,1094756,8,3356224,0
lookup,8,gsym-rs,21,735708,8,3356224,0
lookup,8,LLVM,22,1040984,8,3356224,0
lookup,8,gsym-rs,22,744124,8,3356224,0
lookup,8,LLVM,23,1083695,8,3356224,0
lookup,8,gsym-rs,23,873889,8,3356224,0
lookup,8,gsym-rs,24,825548,8,3356224,0
lookup,8,LLVM,24,1242965,8,3356224,0
lookup,8,LLVM,25,1123630,8,3356224,0
lookup,8,gsym-rs,25,1034162,8,3356224,0
lookup,8,gsym-rs,26,889148,8,3356224,0
lookup,8,LLVM,26,1271389,8,3356224,0
lookup,8,LLVM,27,1171661,8,3356224,0
lookup,8,gsym-rs,27,927340,8,3356224,0
lookup,8,LLVM,28,1200165,8,3356224,0
lookup,8,gsym-rs,28,861696,8,3356224,0
lookup,8,LLVM,29,1081621,8,3356224,0
lookup,8,gsym-rs,29,852799,8,3356224,0
lookup,8,LLVM,30,1100106,8,3356224,0
lookup,8,gsym-rs,30,960362,8,3356224,0
lookup,8,LLVM,31,1126786,8,3356224,0
lookup,8,gsym-rs,31,872296,8,3356224,0
lookup,8,LLVM,32,1150782,8,3356224,0
lookup,8,gsym-rs,32,850595,8,3356224,0
lookup,8,gsym-rs,33,781454,8,3356224,0
lookup,8,LLVM,33,1148096,8,3356224,0
lookup,8,LLVM,34,1074818,8,3356224,0
lookup,8,gsym-rs,34,789470,8,3356224,0
lookup,8,LLVM,35,1134851,8,3356224,0
lookup,8,gsym-rs,35,780633,8,3356224,0
lookup,8,gsym-rs,36,718656,8,3356224,0
lookup,8,LLVM,36,1070170,8,3356224,0
lookup,8,gsym-rs,37,731501,8,3356224,0
lookup,8,LLVM,37,1042027,8,3356224,0
lookup,8,gsym-rs,38,787125,8,3356224,0
lookup,8,LLVM,38,1036375,8,3356224,0
lookup,8,LLVM,39,1023582,8,3356224,0
lookup,8,gsym-rs,39,744284,8,3356224,0
lookup,16,gsym-rs,0,745938,16,3356224,0
lookup,16,LLVM,0,1051975,16,3356224,0
lookup,16,gsym-rs,1,731931,16,3356224,0
lookup,16,LLVM,1,1057866,16,3356224,0
lookup,16,LLVM,2,1056042,16,3356224,0
lookup,16,gsym-rs,2,745728,16,3356224,0
lookup,16,gsym-rs,3,720379,16,3356224,0
lookup,16,LLVM,3,1088594,16,3356224,0
lookup,16,gsym-rs,4,728365,16,3356224,0
lookup,16,LLVM,4,1085418,16,3356224,0
lookup,16,gsym-rs,5,774181,16,3356224,0
lookup,16,LLVM,5,1074618,16,3356224,0
lookup,16,LLVM,6,1052286,16,3356224,0
lookup,16,gsym-rs,6,780523,16,3356224,0
lookup,16,LLVM,7,1058017,16,3356224,0
lookup,16,gsym-rs,7,751438,16,3356224,0
lookup,16,gsym-rs,8,734967,16,3356224,0
lookup,16,LLVM,8,1069879,16,3356224,0
lookup,16,LLVM,9,1111347,16,3356224,0
lookup,16,gsym-rs,9,753672,16,3356224,0
lookup,16,LLVM,10,1068847,16,3356224,0
lookup,16,gsym-rs,10,758141,16,3356224,0
lookup,16,LLVM,11,1052897,16,3356224,0
lookup,16,gsym-rs,11,749034,16,3356224,0
lookup,16,gsym-rs,12,724166,16,3356224,0
lookup,16,LLVM,12,1078395,16,3356224,0
lookup,16,LLVM,13,1061704,16,3356224,0
lookup,16,gsym-rs,13,751147,16,3356224,0
lookup,16,gsym-rs,14,850485,16,3356224,0
lookup,16,LLVM,14,1056163,16,3356224,0
lookup,16,LLVM,15,1052235,16,3356224,0
lookup,16,gsym-rs,15,760004,16,3356224,0
lookup,16,gsym-rs,16,725649,16,3356224,0
lookup,16,LLVM,16,1066773,16,3356224,0
lookup,16,LLVM,17,1082593,16,3356224,0
lookup,16,gsym-rs,17,782877,16,3356224,0
lookup,16,LLVM,18,1175428,16,3356224,0
lookup,16,gsym-rs,18,768911,16,3356224,0
lookup,16,gsym-rs,19,721641,16,3356224,0
lookup,16,LLVM,19,1124021,16,3356224,0
lookup,16,gsym-rs,20,785262,16,3356224,0
lookup,16,LLVM,20,1177151,16,3356224,0
lookup,16,LLVM,21,1050743,16,3356224,0
lookup,16,gsym-rs,21,773299,16,3356224,0
lookup,16,LLVM,22,1065340,16,3356224,0
lookup,16,gsym-rs,22,793748,16,3356224,0
lookup,16,LLVM,23,1068557,16,3356224,0
lookup,16,gsym-rs,23,862528,16,3356224,0
lookup,16,LLVM,24,1058777,16,3356224,0
lookup,16,gsym-rs,24,769432,16,3356224,0
lookup,16,gsym-rs,25,741820,16,3356224,0
lookup,16,LLVM,25,1089786,16,3356224,0
lookup,16,gsym-rs,26,830197,16,3356224,0
lookup,16,LLVM,26,1054630,16,3356224,0
lookup,16,gsym-rs,27,750205,16,3356224,0
lookup,16,LLVM,27,1053819,16,3356224,0
lookup,16,LLVM,28,1049951,16,3356224,0
lookup,16,gsym-rs,28,823825,16,3356224,0
lookup,16,LLVM,29,1049020,16,3356224,0
lookup,16,gsym-rs,29,761437,16,3356224,0
lookup,16,gsym-rs,30,727442,16,3356224,0
lookup,16,LLVM,30,1058237,16,3356224,0
lookup,16,LLVM,31,1039211,16,3356224,0
lookup,16,gsym-rs,31,807073,16,3356224,0
lookup,16,gsym-rs,32,719157,16,3356224,0
lookup,16,LLVM,32,1061453,16,3356224,0
lookup,16,LLVM,33,1036175,16,3356224,0
lookup,16,gsym-rs,33,753572,16,3356224,0
lookup,16,LLVM,34,1047005,16,3356224,0
lookup,16,gsym-rs,34,777176,16,3356224,0
lookup,16,gsym-rs,35,715229,16,3356224,0
lookup,16,LLVM,35,1049209,16,3356224,0
lookup,16,gsym-rs,36,736280,16,3356224,0
lookup,16,LLVM,36,1051564,16,3356224,0
lookup,16,LLVM,37,1041736,16,3356224,0
lookup,16,gsym-rs,37,831980,16,3356224,0
lookup,16,gsym-rs,38,736420,16,3356224,0
lookup,16,LLVM,38,1054480,16,3356224,0
lookup,16,LLVM,39,1058367,16,3356224,0
lookup,16,gsym-rs,39,760545,16,3356224,0
lookup,32,gsym-rs,0,738123,32,3356224,0
lookup,32,LLVM,0,1088734,32,3356224,0
lookup,32,LLVM,1,1084727,32,3356224,0
lookup,32,gsym-rs,1,779541,32,3356224,0
lookup,32,gsym-rs,2,755916,32,3356224,0
lookup,32,LLVM,2,1205135,32,3356224,0
lookup,32,gsym-rs,3,766116,32,3356224,0
lookup,32,LLVM,3,1101679,32,3356224,0
lookup,32,gsym-rs,4,818023,32,3356224,0
lookup,32,LLVM,4,1160971,32,3356224,0
lookup,32,gsym-rs,5,843602,32,3356224,0
lookup,32,LLVM,5,1198842,32,3356224,0
lookup,32,gsym-rs,6,790491,32,3356224,0
lookup,32,LLVM,6,1101198,32,3356224,0
lookup,32,gsym-rs,7,768711,32,3356224,0
lookup,32,LLVM,7,1101609,32,3356224,0
lookup,32,gsym-rs,8,777036,32,3356224,0
lookup,32,LLVM,8,1089727,32,3356224,0
lookup,32,LLVM,9,1078224,32,3356224,0
lookup,32,gsym-rs,9,786764,32,3356224,0
lookup,32,LLVM,10,1118431,32,3356224,0
lookup,32,gsym-rs,10,920247,32,3356224,0
lookup,32,gsym-rs,11,765324,32,3356224,0
lookup,32,LLVM,11,1099114,32,3356224,0
lookup,32,LLVM,12,1075850,32,3356224,0
lookup,32,gsym-rs,12,789980,32,3356224,0
lookup,32,gsym-rs,13,865413,32,3356224,0
lookup,32,LLVM,13,1117268,32,3356224,0
lookup,32,gsym-rs,14,800330,32,3356224,0
lookup,32,LLVM,14,1104775,32,3356224,0
lookup,32,gsym-rs,15,911109,32,3356224,0
lookup,32,LLVM,15,1096138,32,3356224,0
lookup,32,gsym-rs,16,789450,32,3356224,0
lookup,32,LLVM,16,1091700,32,3356224,0
lookup,32,LLVM,17,1080569,32,3356224,0
lookup,32,gsym-rs,17,767288,32,3356224,0
lookup,32,LLVM,18,1071442,32,3356224,0
lookup,32,gsym-rs,18,749434,32,3356224,0
lookup,32,gsym-rs,19,727392,32,3356224,0
lookup,32,LLVM,19,1094936,32,3356224,0
lookup,32,gsym-rs,20,746659,32,3356224,0
lookup,32,LLVM,20,1125263,32,3356224,0
lookup,32,LLVM,21,1099975,32,3356224,0
lookup,32,gsym-rs,21,809978,32,3356224,0
lookup,32,LLVM,22,1080459,32,3356224,0
lookup,32,gsym-rs,22,777917,32,3356224,0
lookup,32,gsym-rs,23,733795,32,3356224,0
lookup,32,LLVM,23,1083144,32,3356224,0
lookup,32,gsym-rs,24,751298,32,3356224,0
lookup,32,LLVM,24,1113812,32,3356224,0
lookup,32,LLVM,25,1078235,32,3356224,0
lookup,32,gsym-rs,25,779972,32,3356224,0
lookup,32,LLVM,26,1072334,32,3356224,0
lookup,32,gsym-rs,26,772327,32,3356224,0
lookup,32,LLVM,27,1097851,32,3356224,0
lookup,32,gsym-rs,27,768511,32,3356224,0
lookup,32,LLVM,28,1084456,32,3356224,0
lookup,32,gsym-rs,28,758261,32,3356224,0
lookup,32,LLVM,29,1087071,32,3356224,0
lookup,32,gsym-rs,29,876193,32,3356224,0
lookup,32,gsym-rs,30,766076,32,3356224,0
lookup,32,LLVM,30,1119152,32,3356224,0
lookup,32,gsym-rs,31,775864,32,3356224,0
lookup,32,LLVM,31,1167663,32,3356224,0
lookup,32,gsym-rs,32,791634,32,3356224,0
lookup,32,LLVM,32,1196037,32,3356224,0
lookup,32,gsym-rs,33,772217,32,3356224,0
lookup,32,LLVM,33,1080078,32,3356224,0
lookup,32,LLVM,34,1084276,32,3356224,0
lookup,32,gsym-rs,34,783599,32,3356224,0
lookup,32,gsym-rs,35,745377,32,3356224,0
lookup,32,LLVM,35,1120815,32,3356224,0
lookup,32,gsym-rs,36,755766,32,3356224,0
lookup,32,LLVM,36,1169186,32,3356224,0
lookup,32,gsym-rs,37,758872,32,3356224,0
lookup,32,LLVM,37,1104404,32,3356224,0
lookup,32,gsym-rs,38,796724,32,3356224,0
lookup,32,LLVM,38,1100096,32,3356224,0
lookup,32,gsym-rs,39,793667,32,3356224,0
lookup,32,LLVM,39,1092000,32,3356224,0
lookup,64,gsym-rs,0,785011,64,3356224,0
lookup,64,LLVM,0,1155540,64,3356224,0
lookup,64,LLVM,1,1174366,64,3356224,0
lookup,64,gsym-rs,1,947709,64,3356224,0
lookup,64,gsym-rs,2,869000,64,3356224,0
lookup,64,LLVM,2,1216154,64,3356224,0
lookup,64,gsym-rs,3,813324,64,3356224,0
lookup,64,LLVM,3,1252443,64,3356224,0
lookup,64,LLVM,4,1114714,64,3356224,0
lookup,64,gsym-rs,4,833432,64,3356224,0
lookup,64,LLVM,5,1137185,64,3356224,0
lookup,64,gsym-rs,5,821069,64,3356224,0
lookup,64,gsym-rs,6,780172,64,3356224,0
lookup,64,LLVM,6,1147525,64,3356224,0
lookup,64,LLVM,7,1109795,64,3356224,0
lookup,64,gsym-rs,7,877656,64,3356224,0
lookup,64,LLVM,8,1120724,64,3356224,0
lookup,64,gsym-rs,8,811541,64,3356224,0
lookup,64,LLVM,9,1129411,64,3356224,0
lookup,64,gsym-rs,9,906511,64,3356224,0
lookup,64,gsym-rs,10,790973,64,3356224,0
lookup,64,LLVM,10,1139821,64,3356224,0
lookup,64,gsym-rs,11,794560,64,3356224,0
lookup,64,LLVM,11,1116747,64,3356224,0
lookup,64,gsym-rs,12,854132,64,3356224,0
lookup,64,LLVM,12,1109313,64,3356224,0
lookup,64,LLVM,13,1108992,64,3356224,0
lookup,64,gsym-rs,13,787366,64,3356224,0
lookup,64,gsym-rs,14,810870,64,3356224,0
lookup,64,LLVM,14,1116957,64,3356224,0
lookup,64,LLVM,15,1115244,64,3356224,0
lookup,64,gsym-rs,15,804609,64,3356224,0
lookup,64,gsym-rs,16,764121,64,3356224,0
lookup,64,LLVM,16,1165209,64,3356224,0
lookup,64,LLVM,17,1153847,64,3356224,0
lookup,64,gsym-rs,17,875792,64,3356224,0
lookup,64,gsym-rs,18,774532,64,3356224,0
lookup,64,LLVM,18,1135653,64,3356224,0
lookup,64,gsym-rs,19,797205,64,3356224,0
lookup,64,LLVM,19,1126285,64,3356224,0
lookup,64,LLVM,20,1132437,64,3356224,0
lookup,64,gsym-rs,20,816300,64,3356224,0
lookup,64,LLVM,21,1119092,64,3356224,0
lookup,64,gsym-rs,21,876925,64,3356224,0
lookup,64,LLVM,22,1109023,64,3356224,0
lookup,64,gsym-rs,22,819987,64,3356224,0
lookup,64,gsym-rs,23,791102,64,3356224,0
lookup,64,LLVM,23,1200335,64,3356224,0
lookup,64,LLVM,24,1115355,64,3356224,0
lookup,64,gsym-rs,24,801413,64,3356224,0
lookup,64,LLVM,25,1100957,64,3356224,0
lookup,64,gsym-rs,25,796153,64,3356224,0
lookup,64,LLVM,26,1124172,64,3356224,0
lookup,64,gsym-rs,26,838632,64,3356224,0
lookup,64,gsym-rs,27,784109,64,3356224,0
lookup,64,LLVM,27,1136975,64,3356224,0
lookup,64,gsym-rs,28,790932,64,3356224,0
lookup,64,LLVM,28,1207679,64,3356224,0
lookup,64,LLVM,29,1108251,64,3356224,0
lookup,64,gsym-rs,29,813435,64,3356224,0
lookup,64,gsym-rs,30,780903,64,3356224,0
lookup,64,LLVM,30,1123831,64,3356224,0
lookup,64,LLVM,31,1154599,64,3356224,0
lookup,64,gsym-rs,31,814487,64,3356224,0
lookup,64,LLVM,32,1113050,64,3356224,0
lookup,64,gsym-rs,32,811030,64,3356224,0
lookup,64,gsym-rs,33,772858,64,3356224,0
lookup,64,LLVM,33,1125734,64,3356224,0
lookup,64,LLVM,34,1105216,64,3356224,0
lookup,64,gsym-rs,34,805881,64,3356224,0
lookup,64,gsym-rs,35,785712,64,3356224,0
lookup,64,LLVM,35,1252333,64,3356224,0
lookup,64,LLVM,36,1108913,64,3356224,0
lookup,64,gsym-rs,36,830938,64,3356224,0
lookup,64,gsym-rs,37,781324,64,3356224,0
lookup,64,LLVM,37,1123210,64,3356224,0
lookup,64,LLVM,38,1105046,64,3356224,0
lookup,64,gsym-rs,38,857909,64,3356224,0
lookup,64,LLVM,39,1122538,64,3356224,0
lookup,64,gsym-rs,39,814407,64,3356224,0
lookup,128,gsym-rs,0,886864,128,3356224,0
lookup,128,LLVM,0,1176360,128,3356224,0
lookup,128,gsym-rs,1,866775,128,3356224,0
lookup,128,LLVM,1,1171250,128,3356224,0
lookup,128,gsym-rs,2,865694,128,3356224,0
lookup,128,LLVM,2,1193351,128,3356224,0
lookup,128,LLVM,3,1179305,128,3356224,0
lookup,128,gsym-rs,3,879730,128,3356224,0
lookup,128,gsym-rs,4,846548,128,3356224,0
lookup,128,LLVM,4,1193342,128,3356224,0
lookup,128,gsym-rs,5,923763,128,3356224,0
lookup,128,LLVM,5,1245630,128,3356224,0
lookup,128,LLVM,6,1180638,128,3356224,0
lookup,128,gsym-rs,6,920717,128,3356224,0
lookup,128,gsym-rs,7,866015,128,3356224,0
lookup,128,LLVM,7,1210905,128,3356224,0
lookup,128,LLVM,8,1195747,128,3356224,0
lookup,128,gsym-rs,8,879109,128,3356224,0
lookup,128,LLVM,9,1249938,128,3356224,0
lookup,128,gsym-rs,9,874369,128,3356224,0
lookup,128,gsym-rs,10,870513,128,3356224,0
lookup,128,LLVM,10,1248556,128,3356224,0
lookup,128,LLVM,11,1265078,128,3356224,0
lookup,128,gsym-rs,11,1032949,128,3356224,0
lookup,128,gsym-rs,12,904426,128,3356224,0
lookup,128,LLVM,12,1207899,128,3356224,0
lookup,128,gsym-rs,13,875653,128,3356224,0
lookup,128,LLVM,13,1196448,128,3356224,0
lookup,128,LLVM,14,1248166,128,3356224,0
lookup,128,gsym-rs,14,896091,128,3356224,0
lookup,128,gsym-rs,15,869811,128,3356224,0
lookup,128,LLVM,15,1205766,128,3356224,0
lookup,128,LLVM,16,1179536,128,3356224,0
lookup,128,gsym-rs,16,910358,128,3356224,0
lookup,128,gsym-rs,17,852849,128,3356224,0
lookup,128,LLVM,17,1236703,128,3356224,0
lookup,128,gsym-rs,18,981111,128,3356224,0
lookup,128,LLVM,18,1218799,128,3356224,0
lookup,128,LLVM,19,1178173,128,3356224,0
lookup,128,gsym-rs,19,894548,128,3356224,0
lookup,128,LLVM,20,1194474,128,3356224,0
lookup,128,gsym-rs,20,984007,128,3356224,0
lookup,128,gsym-rs,21,887425,128,3356224,0
lookup,128,LLVM,21,1253646,128,3356224,0
lookup,128,LLVM,22,1176280,128,3356224,0
lookup,128,gsym-rs,22,882476,128,3356224,0
lookup,128,gsym-rs,23,872286,128,3356224,0
lookup,128,LLVM,23,1208791,128,3356224,0
lookup,128,gsym-rs,24,860884,128,3356224,0
lookup,128,LLVM,24,1255048,128,3356224,0
lookup,128,LLVM,25,1177251,128,3356224,0
lookup,128,gsym-rs,25,878507,128,3356224,0
lookup,128,gsym-rs,26,837761,128,3356224,0
lookup,128,LLVM,26,1254657,128,3356224,0
lookup,128,LLVM,27,1171040,128,3356224,0
lookup,128,gsym-rs,27,883116,128,3356224,0
lookup,128,LLVM,28,1172502,128,3356224,0
lookup,128,gsym-rs,28,872736,128,3356224,0
lookup,128,LLVM,29,1260749,128,3356224,0
lookup,128,gsym-rs,29,871785,128,3356224,0
lookup,128,gsym-rs,30,845275,128,3356224,0
lookup,128,LLVM,30,1188202,128,3356224,0
lookup,128,gsym-rs,31,864201,128,3356224,0
lookup,128,LLVM,31,1219040,128,3356224,0
lookup,128,gsym-rs,32,874621,128,3356224,0
lookup,128,LLVM,32,1181169,128,3356224,0
lookup,128,gsym-rs,33,869150,128,3356224,0
lookup,128,LLVM,33,1183443,128,3356224,0
lookup,128,LLVM,34,1211747,128,3356224,0
lookup,128,gsym-rs,34,892364,128,3356224,0
lookup,128,gsym-rs,35,862517,128,3356224,0
lookup,128,LLVM,35,1227706,128,3356224,0
lookup,128,gsym-rs,36,928211,128,3356224,0
lookup,128,LLVM,36,1198571,128,3356224,0
lookup,128,gsym-rs,37,880422,128,3356224,0
lookup,128,LLVM,37,1188984,128,3356224,0
lookup,128,LLVM,38,1186438,128,3356224,0
lookup,128,gsym-rs,38,871775,128,3356224,0
lookup,128,gsym-rs,39,834746,128,3356224,0
lookup,128,LLVM,39,1204623,128,3356224,0
lookup,256,gsym-rs,0,987974,256,3356224,0
lookup,256,LLVM,0,1285846,256,3356224,0
lookup,256,gsym-rs,1,980380,256,3356224,0
lookup,256,LLVM,1,1297819,256,3356224,0
lookup,256,LLVM,2,1276048,256,3356224,0
lookup,256,gsym-rs,2,1008874,256,3356224,0
lookup,256,LLVM,3,1384863,256,3356224,0
lookup,256,gsym-rs,3,1005437,256,3356224,0
lookup,256,gsym-rs,4,1027168,256,3356224,0
lookup,256,LLVM,4,1335330,256,3356224,0
lookup,256,LLVM,5,1283272,256,3356224,0
lookup,256,gsym-rs,5,1011599,256,3356224,0
lookup,256,LLVM,6,1302928,256,3356224,0
lookup,256,gsym-rs,6,1094956,256,3356224,0
lookup,256,LLVM,7,1290335,256,3356224,0
lookup,256,gsym-rs,7,1002502,256,3356224,0
lookup,256,gsym-rs,8,966664,256,3356224,0
lookup,256,LLVM,8,1331102,256,3356224,0
lookup,256,LLVM,9,1308298,256,3356224,0
lookup,256,gsym-rs,9,1095247,256,3356224,0
lookup,256,gsym-rs,10,982585,256,3356224,0
lookup,256,LLVM,10,1287039,256,3356224,0
lookup,256,gsym-rs,11,994947,256,3356224,0
lookup,256,LLVM,11,1292599,256,3356224,0
lookup,256,gsym-rs,12,1001520,256,3356224,0
lookup,256,LLVM,12,1739984,256,3356224,0
lookup,256,LLVM,13,1318128,256,3356224,0
lookup,256,gsym-rs,13,1160490,256,3356224,0
lookup,256,gsym-rs,14,1013854,256,3356224,0
lookup,256,LLVM,14,1305554,256,3356224,0
lookup,256,LLVM,15,1282580,256,3356224,0
lookup,256,gsym-rs,15,1026066,256,3356224,0
lookup,256,LLVM,16,1293221,256,3356224,0
lookup,256,gsym-rs,16,1002422,256,3356224,0
lookup,256,LLVM,17,1399902,256,3356224,0
lookup,256,gsym-rs,17,1008282,256,3356224,0
lookup,256,gsym-rs,18,1004175,256,3356224,0
lookup,256,LLVM,18,1322636,256,3356224,0
lookup,256,gsym-rs,19,986151,256,3356224,0
lookup,256,LLVM,19,1423306,256,3356224,0
lookup,256,gsym-rs,20,1008023,256,3356224,0
lookup,256,LLVM,20,1287239,256,3356224,0
lookup,256,LLVM,21,1350298,256,3356224,0
lookup,256,gsym-rs,21,988976,256,3356224,0
lookup,256,LLVM,22,1268745,256,3356224,0
lookup,256,gsym-rs,22,983546,256,3356224,0
lookup,256,gsym-rs,23,995900,256,3356224,0
lookup,256,LLVM,23,1297298,256,3356224,0
lookup,256,LLVM,24,1290656,256,3356224,0
lookup,256,gsym-rs,24,1003754,256,3356224,0
lookup,256,gsym-rs,25,987965,256,3356224,0
lookup,256,LLVM,25,1301937,256,3356224,0
lookup,256,LLVM,26,1294703,256,3356224,0
lookup,256,gsym-rs,26,1008143,256,3356224,0
lookup,256,gsym-rs,27,965151,256,3356224,0
lookup,256,LLVM,27,1378922,256,3356224,0
lookup,256,gsym-rs,28,993565,256,3356224,0
lookup,256,LLVM,28,1270718,256,3356224,0
lookup,256,gsym-rs,29,989056,256,3356224,0
lookup,256,LLVM,29,1310513,256,3356224,0
lookup,256,LLVM,30,1286016,256,3356224,0
lookup,256,gsym-rs,30,1020656,256,3356224,0
lookup,256,LLVM,31,1300323,256,3356224,0
lookup,256,gsym-rs,31,1057184,256,3356224,0
lookup,256,LLVM,32,1329309,256,3356224,0
lookup,256,gsym-rs,32,1024774,256,3356224,0
lookup,256,LLVM,33,1309230,256,3356224,0
lookup,256,gsym-rs,33,1003053,256,3356224,0
lookup,256,LLVM,34,1292659,256,3356224,0
lookup,256,gsym-rs,34,985179,256,3356224,0
lookup,256,LLVM,35,1304732,256,3356224,0
lookup,256,gsym-rs,35,1101278,256,3356224,0
lookup,256,gsym-rs,36,983827,256,3356224,0
lookup,256,LLVM,36,1389993,256,3356224,0
lookup,256,LLVM,37,1338636,256,3356224,0
lookup,256,gsym-rs,37,1169827,256,3356224,0
lookup,256,gsym-rs,38,1062645,256,3356224,0
lookup,256,LLVM,38,1343946,256,3356224,0
lookup,256,LLVM,39,1414940,256,3356224,0
lookup,256,gsym-rs,39,1064148,256,3356224,0
lookup,512,LLVM,0,1627371,512,3356224,0
lookup,512,gsym-rs,0,1342954,512,3356224,0
lookup,512,LLVM,1,1555525,512,3356224,0
lookup,512,gsym-rs,1,1361509,512,3356224,0
lookup,512,gsym-rs,2,1293862,512,3356224,0
lookup,512,LLVM,2,1557398,512,3356224,0
lookup,512,gsym-rs,3,1351300,512,3356224,0
lookup,512,LLVM,3,1552389,512,3356224,0
lookup,512,gsym-rs,4,1361589,512,3356224,0
lookup,512,LLVM,4,1563440,512,3356224,0
lookup,512,LLVM,5,1524958,512,3356224,0
lookup,512,gsym-rs,5,1343786,512,3356224,0
lookup,512,gsym-rs,6,1352292,512,3356224,0
lookup,512,LLVM,6,1553321,512,3356224,0
lookup,512,gsym-rs,7,1314621,512,3356224,0
lookup,512,LLVM,7,1607153,512,3356224,0
lookup,512,gsym-rs,8,1441009,512,3356224,0
lookup,512,LLVM,8,1616230,512,3356224,0
lookup,512,gsym-rs,9,1637740,512,3356224,0
lookup,512,LLVM,9,1780640,512,3356224,0
lookup,512,LLVM,10,1610299,512,3356224,0
lookup,512,gsym-rs,10,1582055,512,3356224,0
lookup,512,LLVM,11,1661586,512,3356224,0
lookup,512,gsym-rs,11,1707562,512,3356224,0
lookup,512,LLVM,12,1718173,512,3356224,0
lookup,512,gsym-rs,12,1497576,512,3356224,0
lookup,512,LLVM,13,1600720,512,3356224,0
lookup,512,gsym-rs,13,1411644,512,3356224,0
lookup,512,gsym-rs,14,1363934,512,3356224,0
lookup,512,LLVM,14,1556798,512,3356224,0
lookup,512,LLVM,15,1866361,512,3356224,0
lookup,512,gsym-rs,15,1650715,512,3356224,0
lookup,512,gsym-rs,16,1523315,512,3356224,0
lookup,512,LLVM,16,2115132,512,3356224,0
lookup,512,LLVM,17,1722080,512,3356224,0
lookup,512,gsym-rs,17,1811729,512,3356224,0
lookup,512,gsym-rs,18,1622071,512,3356224,0
lookup,512,LLVM,18,1804295,512,3356224,0
lookup,512,LLVM,19,1593246,512,3356224,0
lookup,512,gsym-rs,19,1497205,512,3356224,0
lookup,512,LLVM,20,1599669,512,3356224,0
lookup,512,gsym-rs,20,1487497,512,3356224,0
lookup,512,LLVM,21,1548231,512,3356224,0
lookup,512,gsym-rs,21,1424048,512,3356224,0
lookup,512,gsym-rs,22,1336873,512,3356224,0
lookup,512,LLVM,22,1582346,512,3356224,0
lookup,512,gsym-rs,23,1387418,512,3356224,0
lookup,512,LLVM,23,1682715,512,3356224,0
lookup,512,gsym-rs,24,1437864,512,3356224,0
lookup,512,LLVM,24,1623875,512,3356224,0
lookup,512,gsym-rs,25,1484471,512,3356224,0
lookup,512,LLVM,25,1570343,512,3356224,0
lookup,512,gsym-rs,26,1331403,512,3356224,0
lookup,512,LLVM,26,1529316,512,3356224,0
lookup,512,gsym-rs,27,1311375,512,3356224,0
lookup,512,LLVM,27,1539304,512,3356224,0
lookup,512,LLVM,28,1526611,512,3356224,0
lookup,512,gsym-rs,28,1460906,512,3356224,0
lookup,512,gsym-rs,29,1467650,512,3356224,0
lookup,512,LLVM,29,1851795,512,3356224,0
lookup,512,LLVM,30,1588477,512,3356224,0
lookup,512,gsym-rs,30,1396425,512,3356224,0
lookup,512,LLVM,31,1574461,512,3356224,0
lookup,512,gsym-rs,31,1418777,512,3356224,0
lookup,512,LLVM,32,1636208,512,3356224,0
lookup,512,gsym-rs,32,1394772,512,3356224,0
lookup,512,gsym-rs,33,1320322,512,3356224,0
lookup,512,LLVM,33,1618144,512,3356224,0
lookup,512,gsym-rs,34,1329579,512,3356224,0
lookup,512,LLVM,34,1590141,512,3356224,0
lookup,512,LLVM,35,1533915,512,3356224,0
lookup,512,gsym-rs,35,1391916,512,3356224,0
lookup,512,LLVM,36,1512875,512,3356224,0
lookup,512,gsym-rs,36,1340309,512,3356224,0
lookup,512,LLVM,37,1539856,512,3356224,0
lookup,512,gsym-rs,37,1350308,512,3356224,0
lookup,512,LLVM,38,1534496,512,3356224,0
lookup,512,gsym-rs,38,1379232,512,3356224,0
lookup,512,gsym-rs,39,1281087,512,3356224,0
lookup,512,LLVM,39,1547750,512,3356224,0
lookup,1024,gsym-rs,0,1919422,1024,3356224,0
lookup,1024,LLVM,0,2073422,1024,3356224,0
lookup,1024,gsym-rs,1,1915725,1024,3356224,0
lookup,1024,LLVM,1,2035551,1024,3356224,0
lookup,1024,LLVM,2,1945762,1024,3356224,0
lookup,1024,gsym-rs,2,1965489,1024,3356224,0
lookup,1024,LLVM,3,2076839,1024,3356224,0
lookup,1024,gsym-rs,3,1993792,1024,3356224,0
lookup,1024,LLVM,4,1990946,1024,3356224,0
lookup,1024,gsym-rs,4,1941123,1024,3356224,0
lookup,1024,LLVM,5,2013950,1024,3356224,0
lookup,1024,gsym-rs,5,2008770,1024,3356224,0
lookup,1024,LLVM,6,2056120,1024,3356224,0
lookup,1024,gsym-rs,6,1976239,1024,3356224,0
lookup,1024,gsym-rs,7,1981590,1024,3356224,0
lookup,1024,LLVM,7,2027446,1024,3356224,0
lookup,1024,LLVM,8,1966280,1024,3356224,0
lookup,1024,gsym-rs,8,1995095,1024,3356224,0
lookup,1024,LLVM,9,2004983,1024,3356224,0
lookup,1024,gsym-rs,9,1952855,1024,3356224,0
lookup,1024,LLVM,10,2033427,1024,3356224,0
lookup,1024,gsym-rs,10,1931636,1024,3356224,0
lookup,1024,LLVM,11,2007197,1024,3356224,0
lookup,1024,gsym-rs,11,1920905,1024,3356224,0
lookup,1024,gsym-rs,12,1906177,1024,3356224,0
lookup,1024,LLVM,12,2036262,1024,3356224,0
lookup,1024,gsym-rs,13,1897842,1024,3356224,0
lookup,1024,LLVM,13,2045370,1024,3356224,0
lookup,1024,LLVM,14,1962663,1024,3356224,0
lookup,1024,gsym-rs,14,2010083,1024,3356224,0
lookup,1024,gsym-rs,15,1894676,1024,3356224,0
lookup,1024,LLVM,15,2122526,1024,3356224,0
lookup,1024,LLVM,16,1957855,1024,3356224,0
lookup,1024,gsym-rs,16,2069665,1024,3356224,0
lookup,1024,gsym-rs,17,1960249,1024,3356224,0
lookup,1024,LLVM,17,2591320,1024,3356224,0
lookup,1024,LLVM,18,2278158,1024,3356224,0
lookup,1024,gsym-rs,18,2566232,1024,3356224,0
lookup,1024,LLVM,19,2208207,1024,3356224,0
lookup,1024,gsym-rs,19,2343061,1024,3356224,0
lookup,1024,gsym-rs,20,2295271,1024,3356224,0
lookup,1024,LLVM,20,2319116,1024,3356224,0
lookup,1024,LLVM,21,2117956,1024,3356224,0
lookup,1024,gsym-rs,21,2281705,1024,3356224,0
lookup,1024,gsym-rs,22,2229888,1024,3356224,0
lookup,1024,LLVM,22,2226291,1024,3356224,0
lookup,1024,gsym-rs,23,2082389,1024,3356224,0
lookup,1024,LLVM,23,2131162,1024,3356224,0
lookup,1024,LLVM,24,2104922,1024,3356224,0
lookup,1024,gsym-rs,24,2200332,1024,3356224,0
lookup,1024,gsym-rs,25,2109862,1024,3356224,0
lookup,1024,LLVM,25,2240839,1024,3356224,0
lookup,1024,LLVM,26,2192257,1024,3356224,0
lookup,1024,gsym-rs,26,2159095,1024,3356224,0
lookup,1024,gsym-rs,27,2024410,1024,3356224,0
lookup,1024,LLVM,27,2118357,1024,3356224,0
lookup,1024,gsym-rs,28,2035942,1024,3356224,0
lookup,1024,LLVM,28,2205311,1024,3356224,0
lookup,1024,LLVM,29,1999713,1024,3356224,0
lookup,1024,gsym-rs,29,2132254,1024,3356224,0
lookup,1024,LLVM,30,2038767,1024,3356224,0
lookup,1024,gsym-rs,30,2230349,1024,3356224,0
lookup,1024,LLVM,31,2176777,1024,3356224,0
lookup,1024,gsym-rs,31,2057703,1024,3356224,0
lookup,1024,LLVM,32,2038036,1024,3356224,0
lookup,1024,gsym-rs,32,2009082,1024,3356224,0
lookup,1024,gsym-rs,33,1925273,1024,3356224,0
lookup,1024,LLVM,33,2178731,1024,3356224,0
lookup,1024,LLVM,34,1969697,1024,3356224,0
lookup,1024,gsym-rs,34,1942606,1024,3356224,0
lookup,1024,gsym-rs,35,1862775,1024,3356224,0
lookup,1024,LLVM,35,2133707,1024,3356224,0
lookup,1024,gsym-rs,36,1987179,1024,3356224,0
lookup,1024,LLVM,36,2058144,1024,3356224,0
lookup,1024,gsym-rs,37,1965579,1024,3356224,0
lookup,1024,LLVM,37,2040560,1024,3356224,0
lookup,1024,gsym-rs,38,2027476,1024,3356224,0
lookup,1024,LLVM,38,2042314,1024,3356224,0
lookup,1024,LLVM,39,2017007,1024,3356224,0
lookup,1024,gsym-rs,39,1964326,1024,3356224,0
lookup,2048,gsym-rs,0,2868212,2048,3356224,0
lookup,2048,LLVM,0,3027583,2048,3356224,0
lookup,2048,gsym-rs,1,2956819,2048,3356224,0
lookup,2048,LLVM,1,2950197,2048,3356224,0
lookup,2048,gsym-rs,2,3020079,2048,3356224,0
lookup,2048,LLVM,2,3048813,2048,3356224,0
lookup,2048,LLVM,3,2846822,2048,3356224,0
lookup,2048,gsym-rs,3,3001905,2048,3356224,0
lookup,2048,gsym-rs,4,2923817,2048,3356224,0
lookup,2048,LLVM,4,2997346,2048,3356224,0
lookup,2048,LLVM,5,2869795,2048,3356224,0
lookup,2048,gsym-rs,5,2977830,2048,3356224,0
lookup,2048,gsym-rs,6,2962159,2048,3356224,0
lookup,2048,LLVM,6,3010000,2048,3356224,0
lookup,2048,LLVM,7,2900183,2048,3356224,0
lookup,2048,gsym-rs,7,2940449,2048,3356224,0
lookup,2048,LLVM,8,3010080,2048,3356224,0
lookup,2048,gsym-rs,8,3029627,2048,3356224,0
lookup,2048,gsym-rs,9,2917245,2048,3356224,0
lookup,2048,LLVM,9,3019277,2048,3356224,0
lookup,2048,LLVM,10,2885946,2048,3356224,0
lookup,2048,gsym-rs,10,2939938,2048,3356224,0
lookup,2048,gsym-rs,11,2954425,2048,3356224,0
lookup,2048,LLVM,11,3322931,2048,3356224,0
lookup,2048,gsym-rs,12,3161666,2048,3356224,0
lookup,2048,LLVM,12,3050727,2048,3356224,0
lookup,2048,LLVM,13,2999309,2048,3356224,0
lookup,2048,gsym-rs,13,3138422,2048,3356224,0
lookup,2048,LLVM,14,2995552,2048,3356224,0
lookup,2048,gsym-rs,14,3026330,2048,3356224,0
lookup,2048,gsym-rs,15,2911254,2048,3356224,0
lookup,2048,LLVM,15,3013547,2048,3356224,0
lookup,2048,LLVM,16,2911864,2048,3356224,0
lookup,2048,gsym-rs,16,3046619,2048,3356224,0
lookup,2048,LLVM,17,3024497,2048,3356224,0
lookup,2048,gsym-rs,17,3103967,2048,3356224,0
lookup,2048,gsym-rs,18,3011663,2048,3356224,0
lookup,2048,LLVM,18,3099769,2048,3356224,0
lookup,2048,LLVM,19,2892749,2048,3356224,0
lookup,2048,gsym-rs,19,3125017,2048,3356224,0
lookup,2048,LLVM,20,2923396,2048,3356224,0
lookup,2048,gsym-rs,20,3015620,2048,3356224,0
lookup,2048,LLVM,21,2897377,2048,3356224,0
lookup,2048,gsym-rs,21,2987849,2048,3356224,0
lookup,2048,gsym-rs,22,2910612,2048,3356224,0
lookup,2048,LLVM,22,3011894,2048,3356224,0
lookup,2048,gsym-rs,23,2890765,2048,3356224,0
lookup,2048,LLVM,23,2972399,2048,3356224,0
lookup,2048,LLVM,24,2840730,2048,3356224,0
lookup,2048,gsym-rs,24,2988349,2048,3356224,0
lookup,2048,LLVM,25,3011853,2048,3356224,0
lookup,2048,gsym-rs,25,2998037,2048,3356224,0
lookup,2048,gsym-rs,26,2888260,2048,3356224,0
lookup,2048,LLVM,26,2976336,2048,3356224,0
lookup,2048,gsym-rs,27,2907156,2048,3356224,0
lookup,2048,LLVM,27,2949456,2048,3356224,0
lookup,2048,LLVM,28,2828768,2048,3356224,0
lookup,2048,gsym-rs,28,2971157,2048,3356224,0
lookup,2048,gsym-rs,29,2942863,2048,3356224,0
lookup,2048,LLVM,29,3069321,2048,3356224,0
lookup,2048,LLVM,30,2963922,2048,3356224,0
lookup,2048,gsym-rs,30,3061146,2048,3356224,0
lookup,2048,LLVM,31,2881447,2048,3356224,0
lookup,2048,gsym-rs,31,3020680,2048,3356224,0
lookup,2048,LLVM,32,2923717,2048,3356224,0
lookup,2048,gsym-rs,32,2996785,2048,3356224,0
lookup,2048,gsym-rs,33,2879304,2048,3356224,0
lookup,2048,LLVM,33,2952943,2048,3356224,0
lookup,2048,LLVM,34,2916994,2048,3356224,0
lookup,2048,gsym-rs,34,3053482,2048,3356224,0
lookup,2048,LLVM,35,2905883,2048,3356224,0
lookup,2048,gsym-rs,35,3045697,2048,3356224,0
lookup,2048,gsym-rs,36,2919328,2048,3356224,0
lookup,2048,LLVM,36,3043553,2048,3356224,0
lookup,2048,gsym-rs,37,2980034,2048,3356224,0
lookup,2048,LLVM,37,3011884,2048,3356224,0
lookup,2048,LLVM,38,2948043,2048,3356224,0
lookup,2048,gsym-rs,38,3038554,2048,3356224,0
lookup,2048,LLVM,39,3000151,2048,3356224,0
lookup,2048,gsym-rs,39,3024798,2048,3356224,0
lookup,4096,LLVM,0,4987742,4096,3356224,0
lookup,4096,gsym-rs,0,5431900,4096,3356224,0
lookup,4096,LLVM,1,5330338,4096,3356224,0
lookup,4096,gsym-rs,1,5873704,4096,3356224,0
lookup,4096,LLVM,2,4905557,4096,3356224,0
lookup,4096,gsym-rs,2,5609235,4096,3356224,0
lookup,4096,gsym-rs,3,5448612,4096,3356224,0
lookup,4096,LLVM,3,5387196,4096,3356224,0
lookup,4096,LLVM,4,4680973,4096,3356224,0
lookup,4096,gsym-rs,4,5500900,4096,3356224,0
lookup,4096,gsym-rs,5,5347030,4096,3356224,0
lookup,4096,LLVM,5,5243213,4096,3356224,0
lookup,4096,gsym-rs,6,5477055,4096,3356224,0
lookup,4096,LLVM,6,5224999,4096,3356224,0
lookup,4096,gsym-rs,7,5619394,4096,3356224,0
lookup,4096,LLVM,7,4942998,4096,3356224,0
lookup,4096,gsym-rs,8,5339065,4096,3356224,0
lookup,4096,LLVM,8,5042425,4096,3356224,0
lookup,4096,gsym-rs,9,5307295,4096,3356224,0
lookup,4096,LLVM,9,5025122,4096,3356224,0
lookup,4096,gsym-rs,10,5507753,4096,3356224,0
lookup,4096,LLVM,10,5034590,4096,3356224,0
lookup,4096,gsym-rs,11,5416210,4096,3356224,0
lookup,4096,LLVM,11,4981029,4096,3356224,0
lookup,4096,gsym-rs,12,5400931,4096,3356224,0
lookup,4096,LLVM,12,4946253,4096,3356224,0
lookup,4096,LLVM,13,4724245,4096,3356224,0
lookup,4096,gsym-rs,13,5453661,4096,3356224,0
lookup,4096,LLVM,14,4909474,4096,3356224,0
lookup,4096,gsym-rs,14,5383879,4096,3356224,0
lookup,4096,LLVM,15,4879407,4096,3356224,0
lookup,4096,gsym-rs,15,5385973,4096,3356224,0
lookup,4096,gsym-rs,16,5359323,4096,3356224,0
lookup,4096,LLVM,16,5401112,4096,3356224,0
lookup,4096,LLVM,17,4696152,4096,3356224,0
lookup,4096,gsym-rs,17,5385963,4096,3356224,0
lookup,4096,LLVM,18,4826978,4096,3356224,0
lookup,4096,gsym-rs,18,5355717,4096,3356224,0
lookup,4096,LLVM,19,4898073,4096,3356224,0
lookup,4096,gsym-rs,19,5327503,4096,3356224,0
lookup,4096,LLVM,20,4868727,4096,3356224,0
lookup,4096,gsym-rs,20,5375022,4096,3356224,0
lookup,4096,LLVM,21,4895157,4096,3356224,0
lookup,4096,gsym-rs,21,5434164,4096,3356224,0
lookup,4096,gsym-rs,22,5398638,4096,3356224,0
lookup,4096,LLVM,22,5374372,4096,3356224,0
lookup,4096,gsym-rs,23,5373881,4096,3356224,0
lookup,4096,LLVM,23,5133187,4096,3356224,0
lookup,4096,LLVM,24,4706651,4096,3356224,0
lookup,4096,gsym-rs,24,5370895,4096,3356224,0
lookup,4096,LLVM,25,4935603,4096,3356224,0
lookup,4096,gsym-rs,25,5539253,4096,3356224,0
lookup,4096,gsym-rs,26,5422192,4096,3356224,0
lookup,4096,LLVM,26,5562346,4096,3356224,0
lookup,4096,LLVM,27,4830986,4096,3356224,0
lookup,4096,gsym-rs,27,5507973,4096,3356224,0
lookup,4096,gsym-rs,28,5455825,4096,3356224,0
lookup,4096,LLVM,28,5313988,4096,3356224,0
lookup,4096,gsym-rs,29,5468088,4096,3356224,0
lookup,4096,LLVM,29,5076019,4096,3356224,0
lookup,4096,LLVM,30,4727661,4096,3356224,0
lookup,4096,gsym-rs,30,5481734,4096,3356224,0
lookup,4096,LLVM,31,4876872,4096,3356224,0
lookup,4096,gsym-rs,31,5657866,4096,3356224,0
lookup,4096,LLVM,32,5035402,4096,3356224,0
lookup,4096,gsym-rs,32,5469290,4096,3356224,0
lookup,4096,LLVM,33,4796190,4096,3356224,0
lookup,4096,gsym-rs,33,5350236,4096,3356224,0
lookup,4096,gsym-rs,34,5278100,4096,3356224,0
lookup,4096,LLVM,34,5266848,4096,3356224,0
lookup,4096,gsym-rs,35,5427221,4096,3356224,0
lookup,4096,LLVM,35,5091868,4096,3356224,0
lookup,4096,LLVM,36,4765422,4096,3356224,0
lookup,4096,gsym-rs,36,5406802,4096,3356224,0
lookup,4096,gsym-rs,37,5382026,4096,3356224,0
lookup,4096,LLVM,37,5210592,4096,3356224,0
lookup,4096,gsym-rs,38,5350787,4096,3356224,0
lookup,4096,LLVM,38,5081158,4096,3356224,0
lookup,4096,gsym-rs,39,5356377,4096,3356224,0
lookup,4096,LLVM,39,5029100,4096,3356224,0
lookup,8192,gsym-rs,0,9460332,8192,3356224,0
lookup,8192,LLVM,0,8892219,8192,3356224,0
lookup,8192,LLVM,1,8254056,8192,3356224,0
lookup,8192,gsym-rs,1,9580469,8192,3356224,0
lookup,8192,gsym-rs,2,9537067,8192,3356224,0
lookup,8192,LLVM,2,8772584,8192,3356224,0
lookup,8192,gsym-rs,3,9442107,8192,3356224,0
lookup,8192,LLVM,3,8713162,8192,3356224,0
lookup,8192,LLVM,4,8160479,8192,3356224,0
lookup,8192,gsym-rs,4,9690977,8192,3356224,0
lookup,8192,LLVM,5,8291836,8192,3356224,0
lookup,8192,gsym-rs,5,9390790,8192,3356224,0
lookup,8192,LLVM,6,8543642,8192,3356224,0
lookup,8192,gsym-rs,6,9837113,8192,3356224,0
lookup,8192,gsym-rs,7,9375892,8192,3356224,0
lookup,8192,LLVM,7,8769458,8192,3356224,0
lookup,8192,LLVM,8,8339246,8192,3356224,0
lookup,8192,gsym-rs,8,9640642,8192,3356224,0
lookup,8192,LLVM,9,8308488,8192,3356224,0
lookup,8192,gsym-rs,9,9562555,8192,3356224,0
lookup,8192,gsym-rs,10,9532407,8192,3356224,0
lookup,8192,LLVM,10,8790057,8192,3356224,0
lookup,8192,LLVM,11,8125803,8192,3356224,0
lookup,8192,gsym-rs,11,9534411,8192,3356224,0
lookup,8192,gsym-rs,12,9329645,8192,3356224,0
lookup,8192,LLVM,12,8567597,8192,3356224,0
lookup,8192,gsym-rs,13,9613160,8192,3356224,0
lookup,8192,LLVM,13,9168241,8192,3356224,0
lookup,8192,LLVM,14,8265928,8192,3356224,0
lookup,8192,gsym-rs,14,9915831,8192,3356224,0
lookup,8192,LLVM,15,8533263,8192,3356224,0
lookup,8192,gsym-rs,15,10110679,8192,3356224,0
lookup,8192,gsym-rs,16,10123273,8192,3356224,0
lookup,8192,LLVM,16,10082566,8192,3356224,0
lookup,8192,LLVM,17,8567527,8192,3356224,0
lookup,8192,gsym-rs,17,10445410,8192,3356224,0
lookup,8192,gsym-rs,18,9796997,8192,3356224,0
lookup,8192,LLVM,18,8700859,8192,3356224,0
lookup,8192,gsym-rs,19,9673794,8192,3356224,0
lookup,8192,LLVM,19,8607582,8192,3356224,0
lookup,8192,LLVM,20,8475974,8192,3356224,0
lookup,8192,gsym-rs,20,10396228,8192,3356224,0
lookup,8192,gsym-rs,21,9994449,8192,3356224,0
lookup,8192,LLVM,21,8642979,8192,3356224,0
lookup,8192,gsym-rs,22,9613571,8192,3356224,0
lookup,8192,LLVM,22,8480583,8192,3356224,0
lookup,8192,gsym-rs,23,9688422,8192,3356224,0
lookup,8192,LLVM,23,8395493,8192,3356224,0
lookup,8192,LLVM,24,8155360,8192,3356224,0
lookup,8192,gsym-rs,24,9767431,8192,3356224,0
lookup,8192,LLVM,25,8500911,8192,3356224,0
lookup,8192,gsym-rs,25,9659718,8192,3356224,0
lookup,8192,LLVM,26,8281517,8192,3356224,0
lookup,8192,gsym-rs,26,9589987,8192,3356224,0
lookup,8192,gsym-rs,27,9408524,8192,3356224,0
lookup,8192,LLVM,27,8683997,8192,3356224,0
lookup,8192,LLVM,28,8117689,8192,3356224,0
lookup,8192,gsym-rs,28,9511949,8192,3356224,0
lookup,8192,gsym-rs,29,9430806,8192,3356224,0
lookup,8192,LLVM,29,8884134,8192,3356224,0
lookup,8192,LLVM,30,8193161,8192,3356224,0
lookup,8192,gsym-rs,30,9849276,8192,3356224,0
lookup,8192,gsym-rs,31,9583764,8192,3356224,0
lookup,8192,LLVM,31,8691511,8192,3356224,0
lookup,8192,LLVM,32,8176670,8192,3356224,0
lookup,8192,gsym-rs,32,9833135,8192,3356224,0
lookup,8192,gsym-rs,33,9535724,8192,3356224,0
lookup,8192,LLVM,33,8845292,8192,3356224,0
lookup,8192,gsym-rs,34,9666802,8192,3356224,0
lookup,8192,LLVM,34,8529335,8192,3356224,0
lookup,8192,LLVM,35,8179635,8192,3356224,0
lookup,8192,gsym-rs,35,9524543,8192,3356224,0
lookup,8192,gsym-rs,36,9407923,8192,3356224,0
lookup,8192,LLVM,36,8844310,8192,3356224,0
lookup,8192,LLVM,37,8084044,8192,3356224,0
lookup,8192,gsym-rs,37,10527054,8192,3356224,0
lookup,8192,gsym-rs,38,9687189,8192,3356224,0
lookup,8192,LLVM,38,10263027,8192,3356224,0
lookup,8192,gsym-rs,39,9698542,8192,3356224,0
lookup,8192,LLVM,39,9858212,8192,3356224,0
lookup,16384,gsym-rs,0,19210420,16384,3356224,0
lookup,16384,LLVM,0,16889320,16384,3356224,0
lookup,16384,LLVM,1,16079102,16384,3356224,0
lookup,16384,gsym-rs,1,18976879,16384,3356224,0
lookup,16384,LLVM,2,16278417,16384,3356224,0
lookup,16384,gsym-rs,2,18610388,16384,3356224,0
lookup,16384,gsym-rs,3,18130733,16384,3356224,0
lookup,16384,LLVM,3,17041297,16384,3356224,0
lookup,16384,LLVM,4,15569991,16384,3356224,0
lookup,16384,gsym-rs,4,18619084,16384,3356224,0
lookup,16384,gsym-rs,5,18208820,16384,3356224,0
lookup,16384,LLVM,5,17282402,16384,3356224,0
lookup,16384,LLVM,6,15874816,16384,3356224,0
lookup,16384,gsym-rs,6,19416449,16384,3356224,0
lookup,16384,LLVM,7,16192495,16384,3356224,0
lookup,16384,gsym-rs,7,18507103,16384,3356224,0
lookup,16384,LLVM,8,15999721,16384,3356224,0
lookup,16384,gsym-rs,8,18289423,16384,3356224,0
lookup,16384,gsym-rs,9,18149889,16384,3356224,0
lookup,16384,LLVM,9,16837963,16384,3356224,0
lookup,16384,gsym-rs,10,18480292,16384,3356224,0
lookup,16384,LLVM,10,16692418,16384,3356224,0
lookup,16384,LLVM,11,16800563,16384,3356224,0
lookup,16384,gsym-rs,11,19546294,16384,3356224,0
lookup,16384,LLVM,12,19663826,16384,3356224,0
lookup,16384,gsym-rs,12,20509492,16384,3356224,0
lookup,16384,gsym-rs,13,19499175,16384,3356224,0
lookup,16384,LLVM,13,21082543,16384,3356224,0
lookup,16384,LLVM,14,19983950,16384,3356224,0
lookup,16384,gsym-rs,14,18503456,16384,3356224,0
lookup,16384,LLVM,15,19647926,16384,3356224,0
lookup,16384,gsym-rs,15,18753208,16384,3356224,0
lookup,16384,gsym-rs,16,18334498,16384,3356224,0
lookup,16384,LLVM,16,19419905,16384,3356224,0
lookup,16384,LLVM,17,17856496,16384,3356224,0
lookup,16384,gsym-rs,17,19345645,16384,3356224,0
lookup,16384,gsym-rs,18,19052593,16384,3356224,0
lookup,16384,LLVM,18,18599066,16384,3356224,0
lookup,16384,LLVM,19,17454337,16384,3356224,0
lookup,16384,gsym-rs,19,19504054,16384,3356224,0
lookup,16384,LLVM,20,18100466,16384,3356224,0
lookup,16384,gsym-rs,20,18834281,16384,3356224,0
lookup,16384,LLVM,21,17565066,16384,3356224,0
lookup,16384,gsym-rs,21,18383690,16384,3356224,0
lookup,16384,gsym-rs,22,18277169,16384,3356224,0
lookup,16384,LLVM,22,17481638,16384,3356224,0
lookup,16384,LLVM,23,15754208,16384,3356224,0
lookup,16384,gsym-rs,23,18372128,16384,3356224,0
lookup,16384,LLVM,24,15940680,16384,3356224,0
lookup,16384,gsym-rs,24,18921996,16384,3356224,0
lookup,16384,LLVM,25,17954761,16384,3356224,0
lookup,16384,gsym-rs,25,19214498,16384,3356224,0
lookup,16384,gsym-rs,26,18840622,16384,3356224,0
lookup,16384,LLVM,26,17234141,16384,3356224,0
lookup,16384,gsym-rs,27,18023912,16384,3356224,0
lookup,16384,LLVM,27,15923148,16384,3356224,0
lookup,16384,LLVM,28,15239838,16384,3356224,0
lookup,16384,gsym-rs,28,18268373,16384,3356224,0
lookup,16384,LLVM,29,15612861,16384,3356224,0
lookup,16384,gsym-rs,29,17960571,16384,3356224,0
lookup,16384,gsym-rs,30,17633785,16384,3356224,0
lookup,16384,LLVM,30,15864958,16384,3356224,0
lookup,16384,gsym-rs,31,17939742,16384,3356224,0
lookup,16384,LLVM,31,16063142,16384,3356224,0
lookup,16384,LLVM,32,15121154,16384,3356224,0
lookup,16384,gsym-rs,32,18081139,16384,3356224,0
lookup,16384,LLVM,33,15686501,16384,3356224,0
lookup,16384,gsym-rs,33,18131113,16384,3356224,0
lookup,16384,gsym-rs,34,18047045,16384,3356224,0
lookup,16384,LLVM,34,16431537,16384,3356224,0
lookup,16384,gsym-rs,35,18305933,16384,3356224,0
lookup,16384,LLVM,35,16760487,16384,3356224,0
lookup,16384,gsym-rs,36,18244557,16384,3356224,0
lookup,16384,LLVM,36,15985956,16384,3356224,0
lookup,16384,gsym-rs,37,18149669,16384,3356224,0
lookup,16384,LLVM,37,15933787,16384,3356224,0
lookup,16384,gsym-rs,38,17785111,16384,3356224,0
lookup,16384,LLVM,38,15940019,16384,3356224,0
lookup,16384,gsym-rs,39,18246120,16384,3356224,0
lookup,16384,LLVM,39,16021002,16384,3356224,0
lookup,32768,gsym-rs,0,34126898,32768,3356224,0
lookup,32768,LLVM,0,33455310,32768,3356224,0
lookup,32768,LLVM,1,33223433,32768,3356224,0
lookup,32768,gsym-rs,1,33838002,32768,3356224,0
lookup,32768,LLVM,2,31599007,32768,3356224,0
lookup,32768,gsym-rs,2,33661739,32768,3356224,0
lookup,32768,LLVM,3,31400313,32768,3356224,0
lookup,32768,gsym-rs,3,33552183,32768,3356224,0
lookup,32768,gsym-rs,4,33540661,32768,3356224,0
lookup,32768,LLVM,4,32922264,32768,3356224,0
lookup,32768,gsym-rs,5,33932992,32768,3356224,0
lookup,32768,LLVM,5,32402724,32768,3356224,0
lookup,32768,gsym-rs,6,33732343,32768,3356224,0
lookup,32768,LLVM,6,31372219,32768,3356224,0
lookup,32768,gsym-rs,7,34362422,32768,3356224,0
lookup,32768,LLVM,7,31967513,32768,3356224,0
lookup,32768,gsym-rs,8,33940927,32768,3356224,0
lookup,32768,LLVM,8,31680992,32768,3356224,0
lookup,32768,gsym-rs,9,33479125,32768,3356224,0
lookup,32768,LLVM,9,31497727,32768,3356224,0
lookup,32768,gsym-rs,10,34148318,32768,3356224,0
lookup,32768,LLVM,10,31391225,32768,3356224,0
lookup,32768,gsym-rs,11,33622115,32768,3356224,0
lookup,32768,LLVM,11,31853057,32768,3356224,0
lookup,32768,LLVM,12,30193075,32768,3356224,0
lookup,32768,gsym-rs,12,33910860,32768,3356224,0
lookup,32768,gsym-rs,13,33920738,32768,3356224,0
lookup,32768,LLVM,13,33009138,32768,3356224,0
lookup,32768,LLVM,14,30128673,32768,3356224,0
lookup,32768,gsym-rs,14,33736021,32768,3356224,0
lookup,32768,LLVM,15,31707312,32768,3356224,0
lookup,32768,gsym-rs,15,33823234,32768,3356224,0
lookup,32768,LLVM,16,32086417,32768,3356224,0
lookup,32768,gsym-rs,16,33970162,32768,3356224,0
lookup,32768,gsym-rs,17,33778871,32768,3356224,0
lookup,32768,LLVM,17,33782758,32768,3356224,0
lookup,32768,LLVM,18,30485406,32768,3356224,0
lookup,32768,gsym-rs,18,33736071,32768,3356224,0
lookup,32768,gsym-rs,19,33715221,32768,3356224,0
lookup,32768,LLVM,19,32586481,32768,3356224,0
lookup,32768,LLVM,20,30483463,32768,3356224,0
lookup,32768,gsym-rs,20,34219001,32768,3356224,0
lookup,32768,gsym-rs,21,34064580,32768,3356224,0
lookup,32768,LLVM,21,35790206,32768,3356224,0
lookup,32768,gsym-rs,22,34866935,32768,3356224,0
lookup,32768,LLVM,22,32877320,32768,3356224,0
lookup,32768,LLVM,23,30382802,32768,3356224,0
lookup,32768,gsym-rs,23,34784729,32768,3356224,0
lookup,32768,gsym-rs,24,34053559,32768,3356224,0
lookup,32768,LLVM,24,33650759,32768,3356224,0
lookup,32768,LLVM,25,31311555,32768,3356224,0
lookup,32768,gsym-rs,25,34701172,32768,3356224,0
lookup,32768,gsym-rs,26,33665998,32768,3356224,0
lookup,32768,LLVM,26,33159372,32768,3356224,0
lookup,32768,LLVM,27,30788307,32768,3356224,0
lookup,32768,gsym-rs,27,33964291,32768,3356224,0
lookup,32768,gsym-rs,28,35705718,32768,3356224,0
lookup,32768,LLVM,28,36653445,32768,3356224,0
lookup,32768,gsym-rs,29,34583259,32768,3356224,0
lookup,32768,LLVM,29,35140270,32768,3356224,0
lookup,32768,gsym-rs,30,34099666,32768,3356224,0
lookup,32768,LLVM,30,33897625,32768,3356224,0
lookup,32768,gsym-rs,31,34372801,32768,3356224,0
lookup,32768,LLVM,31,34720307,32768,3356224,0
lookup,32768,gsym-rs,32,34506895,32768,3356224,0
lookup,32768,LLVM,32,34083265,32768,3356224,0
lookup,32768,LLVM,33,30788428,32768,3356224,0
lookup,32768,gsym-rs,33,33785614,32768,3356224,0
lookup,32768,gsym-rs,34,33782188,32768,3356224,0
lookup,32768,LLVM,34,32998048,32768,3356224,0
lookup,32768,gsym-rs,35,34560296,32768,3356224,0
lookup,32768,LLVM,35,32644441,32768,3356224,0
lookup,32768,LLVM,36,30405565,32768,3356224,0
lookup,32768,gsym-rs,36,33583713,32768,3356224,0
lookup,32768,LLVM,37,32228645,32768,3356224,0
lookup,32768,gsym-rs,37,33712996,32768,3356224,0
lookup,32768,LLVM,38,31695219,32768,3356224,0
lookup,32768,gsym-rs,38,33871967,32768,3356224,0
lookup,32768,gsym-rs,39,33902184,32768,3356224,0
lookup,32768,LLVM,39,34882895,32768,3356224,0
hot_lookup,64,LLVM,0,130413461,1000000,6404,0
hot_lookup,64,gsym-rs,0,97281802,1000000,6404,0
hot_lookup,64,LLVM,1,130640459,1000000,6404,0
hot_lookup,64,gsym-rs,1,98004215,1000000,6404,0
hot_lookup,64,LLVM,2,130945996,1000000,6404,0
hot_lookup,64,gsym-rs,2,96769285,1000000,6404,0
hot_lookup,64,gsym-rs,3,96854305,1000000,6404,0
hot_lookup,64,LLVM,3,130388875,1000000,6404,0
hot_lookup,64,LLVM,4,131226084,1000000,6404,0
hot_lookup,64,gsym-rs,4,96891435,1000000,6404,0
hot_lookup,64,LLVM,5,130642674,1000000,6404,0
hot_lookup,64,gsym-rs,5,96736984,1000000,6404,0
hot_lookup,64,gsym-rs,6,96858593,1000000,6404,0
hot_lookup,64,LLVM,6,130476571,1000000,6404,0
hot_lookup,64,LLVM,7,134668631,1000000,6404,0
hot_lookup,64,gsym-rs,7,96564257,1000000,6404,0
hot_lookup,64,LLVM,8,130698549,1000000,6404,0
hot_lookup,64,gsym-rs,8,96871448,1000000,6404,0
hot_lookup,64,LLVM,9,130460661,1000000,6404,0
hot_lookup,64,gsym-rs,9,97469606,1000000,6404,0
hot_lookup,64,gsym-rs,10,97278095,1000000,6404,0
hot_lookup,64,LLVM,10,131273344,1000000,6404,0
hot_lookup,64,LLVM,11,130960604,1000000,6404,0
hot_lookup,64,gsym-rs,11,97940845,1000000,6404,0
hot_lookup,64,LLVM,12,130167548,1000000,6404,0
hot_lookup,64,gsym-rs,12,97420924,1000000,6404,0
hot_lookup,64,gsym-rs,13,97500234,1000000,6404,0
hot_lookup,64,LLVM,13,130804058,1000000,6404,0
hot_lookup,64,gsym-rs,14,100614821,1000000,6404,0
hot_lookup,64,LLVM,14,130618418,1000000,6404,0
hot_lookup,64,LLVM,15,130386791,1000000,6404,0
hot_lookup,64,gsym-rs,15,105459854,1000000,6404,0
hot_lookup,64,gsym-rs,16,97195979,1000000,6404,0
hot_lookup,64,LLVM,16,132005556,1000000,6404,0
hot_lookup,64,gsym-rs,17,97123022,1000000,6404,0
hot_lookup,64,LLVM,17,130645870,1000000,6404,0
hot_lookup,64,gsym-rs,18,99976447,1000000,6404,0
hot_lookup,64,LLVM,18,131547250,1000000,6404,0
hot_lookup,64,LLVM,19,131517054,1000000,6404,0
hot_lookup,64,gsym-rs,19,97868489,1000000,6404,0
hot_lookup,64,LLVM,20,130834977,1000000,6404,0
hot_lookup,64,gsym-rs,20,97128803,1000000,6404,0
hot_lookup,64,LLVM,21,130411187,1000000,6404,0
hot_lookup,64,gsym-rs,21,96947280,1000000,6404,0
hot_lookup,64,gsym-rs,22,99663527,1000000,6404,0
hot_lookup,64,LLVM,22,130834737,1000000,6404,0
hot_lookup,64,LLVM,23,130782297,1000000,6404,0
hot_lookup,64,gsym-rs,23,97015810,1000000,6404,0
hot_lookup,64,LLVM,24,130157228,1000000,6404,0
hot_lookup,64,gsym-rs,24,97165833,1000000,6404,0
hot_lookup,128,gsym-rs,0,97617104,999936,12452,0
hot_lookup,128,LLVM,0,129386664,999936,12452,0
hot_lookup,128,gsym-rs,1,97593340,999936,12452,0
hot_lookup,128,LLVM,1,129577805,999936,12452,0
hot_lookup,128,LLVM,2,129054697,999936,12452,0
hot_lookup,128,gsym-rs,2,98758819,999936,12452,0
hot_lookup,128,gsym-rs,3,97476539,999936,12452,0
hot_lookup,128,LLVM,3,129489157,999936,12452,0
hot_lookup,128,LLVM,4,129596901,999936,12452,0
hot_lookup,128,gsym-rs,4,97609400,999936,12452,0
hot_lookup,128,LLVM,5,148304763,999936,12452,0
hot_lookup,128,gsym-rs,5,97892764,999936,12452,0
hot_lookup,128,LLVM,6,129031704,999936,12452,0
hot_lookup,128,gsym-rs,6,97624759,999936,12452,0
hot_lookup,128,gsym-rs,7,97576718,999936,12452,0
hot_lookup,128,LLVM,7,128806188,999936,12452,0
hot_lookup,128,LLVM,8,129630414,999936,12452,0
hot_lookup,128,gsym-rs,8,97783709,999936,12452,0
hot_lookup,128,LLVM,9,128976280,999936,12452,0
hot_lookup,128,gsym-rs,9,97662450,999936,12452,0
hot_lookup,128,gsym-rs,10,98118490,999936,12452,0
hot_lookup,128,LLVM,10,130759785,999936,12452,0
hot_lookup,128,LLVM,11,129757053,999936,12452,0
hot_lookup,128,gsym-rs,11,98162243,999936,12452,0
hot_lookup,128,gsym-rs,12,98432754,999936,12452,0
hot_lookup,128,LLVM,12,131773348,999936,12452,0
hot_lookup,128,gsym-rs,13,97772608,999936,12452,0
hot_lookup,128,LLVM,13,129613773,999936,12452,0
hot_lookup,128,LLVM,14,130638827,999936,12452,0
hot_lookup,128,gsym-rs,14,97703598,999936,12452,0
hot_lookup,128,LLVM,15,130137310,999936,12452,0
hot_lookup,128,gsym-rs,15,97942147,999936,12452,0
hot_lookup,128,gsym-rs,16,98268234,999936,12452,0
hot_lookup,128,LLVM,16,130883669,999936,12452,0
hot_lookup,128,gsym-rs,17,97975772,999936,12452,0
hot_lookup,128,LLVM,17,129284562,999936,12452,0
hot_lookup,128,LLVM,18,129759938,999936,12452,0
hot_lookup,128,gsym-rs,18,100773040,999936,12452,0
hot_lookup,128,gsym-rs,19,97735117,999936,12452,0
hot_lookup,128,LLVM,19,130380990,999936,12452,0
hot_lookup,128,gsym-rs,20,97773850,999936,12452,0
hot_lookup,128,LLVM,20,131637611,999936,12452,0
hot_lookup,128,gsym-rs,21,99425296,999936,12452,0
hot_lookup,128,LLVM,21,130268608,999936,12452,0
hot_lookup,128,gsym-rs,22,97919365,999936,12452,0
hot_lookup,128,LLVM,22,130505856,999936,12452,0
hot_lookup,128,LLVM,23,130684152,999936,12452,0
hot_lookup,128,gsym-rs,23,97669754,999936,12452,0
hot_lookup,128,LLVM,24,129958093,999936,12452,0
hot_lookup,128,gsym-rs,24,97719046,999936,12452,0
hot_lookup,256,LLVM,0,129621587,999936,24612,0
hot_lookup,256,gsym-rs,0,98562098,999936,24612,0
hot_lookup,256,LLVM,1,129107868,999936,24612,0
hot_lookup,256,gsym-rs,1,98303660,999936,24612,0
hot_lookup,256,gsym-rs,2,99547016,999936,24612,0
hot_lookup,256,LLVM,2,132199282,999936,24612,0
hot_lookup,256,LLVM,3,130188477,999936,24612,0
hot_lookup,256,gsym-rs,3,98164537,999936,24612,0
hot_lookup,256,gsym-rs,4,98591794,999936,24612,0
hot_lookup,256,LLVM,4,130915509,999936,24612,0
hot_lookup,256,gsym-rs,5,99023148,999936,24612,0
hot_lookup,256,LLVM,5,128919362,999936,24612,0
hot_lookup,256,LLVM,6,129457297,999936,24612,0
hot_lookup,256,gsym-rs,6,100037862,999936,24612,0
hot_lookup,256,LLVM,7,130929375,999936,24612,0
hot_lookup,256,gsym-rs,7,98389192,999936,24612,0
hot_lookup,256,LLVM,8,130116321,999936,24612,0
hot_lookup,256,gsym-rs,8,100216570,999936,24612,0
hot_lookup,256,gsym-rs,9,98795067,999936,24612,0
hot_lookup,256,LLVM,9,129158824,999936,24612,0
hot_lookup,256,gsym-rs,10,98904594,999936,24612,0
hot_lookup,256,LLVM,10,129399257,999936,24612,0
hot_lookup,256,LLVM,11,130680035,999936,24612,0
hot_lookup,256,gsym-rs,11,98593587,999936,24612,0
hot_lookup,256,LLVM,12,130842421,999936,24612,0
hot_lookup,256,gsym-rs,12,98180277,999936,24612,0
hot_lookup,256,gsym-rs,13,100648544,999936,24612,0
hot_lookup,256,LLVM,13,129995653,999936,24612,0
hot_lookup,256,gsym-rs,14,98448082,999936,24612,0
hot_lookup,256,LLVM,14,129670710,999936,24612,0
hot_lookup,256,LLVM,15,131413519,999936,24612,0
hot_lookup,256,gsym-rs,15,98117379,999936,24612,0
hot_lookup,256,LLVM,16,130648135,999936,24612,0
hot_lookup,256,gsym-rs,16,98808282,999936,24612,0
hot_lookup,256,LLVM,17,129544482,999936,24612,0
hot_lookup,256,gsym-rs,17,99628280,999936,24612,0
hot_lookup,256,gsym-rs,18,98892942,999936,24612,0
hot_lookup,256,LLVM,18,129078082,999936,24612,0
hot_lookup,256,LLVM,19,129296474,999936,24612,0
hot_lookup,256,gsym-rs,19,99200943,999936,24612,0
hot_lookup,256,LLVM,20,130095351,999936,24612,0
hot_lookup,256,gsym-rs,20,98757697,999936,24612,0
hot_lookup,256,LLVM,21,130750548,999936,24612,0
hot_lookup,256,gsym-rs,21,98292769,999936,24612,0
hot_lookup,256,LLVM,22,130658895,999936,24612,0
hot_lookup,256,gsym-rs,22,98939590,999936,24612,0
hot_lookup,256,LLVM,23,134475256,999936,24612,0
hot_lookup,256,gsym-rs,23,99029429,999936,24612,0
hot_lookup,256,gsym-rs,24,98355948,999936,24612,0
hot_lookup,256,LLVM,24,130010310,999936,24612,0
hot_lookup,512,gsym-rs,0,100022884,999936,48932,0
hot_lookup,512,LLVM,0,142128488,999936,48932,0
hot_lookup,512,gsym-rs,1,100543206,999936,48932,0
hot_lookup,512,LLVM,1,130694081,999936,48932,0
hot_lookup,512,LLVM,2,132034079,999936,48932,0
hot_lookup,512,gsym-rs,2,101244500,999936,48932,0
hot_lookup,512,gsym-rs,3,101924051,999936,48932,0
hot_lookup,512,LLVM,3,130487401,999936,48932,0
hot_lookup,512,gsym-rs,4,99759357,999936,48932,0
hot_lookup,512,LLVM,4,134209635,999936,48932,0
hot_lookup,512,gsym-rs,5,102605928,999936,48932,0
hot_lookup,512,LLVM,5,131665945,999936,48932,0
hot_lookup,512,LLVM,6,130614531,999936,48932,0
hot_lookup,512,gsym-rs,6,101284013,999936,48932,0
hot_lookup,512,gsym-rs,7,102349745,999936,48932,0
hot_lookup,512,LLVM,7,132595148,999936,48932,0
hot_lookup,512,LLVM,8,132044580,999936,48932,0
hot_lookup,512,gsym-rs,8,101483650,999936,48932,0
hot_lookup,512,LLVM,9,131807682,999936,48932,0
hot_lookup,512,gsym-rs,9,100498331,999936,48932,0
hot_lookup,512,gsym-rs,10,100344040,999936,48932,0
hot_lookup,512,LLVM,10,132083032,999936,48932,0
hot_lookup,512,LLVM,11,133157019,999936,48932,0
hot_lookup,512,gsym-rs,11,100298103,999936,48932,0
hot_lookup,512,LLVM,12,132498086,999936,48932,0
hot_lookup,512,gsym-rs,12,102589368,999936,48932,0
hot_lookup,512,gsym-rs,13,101559904,999936,48932,0
hot_lookup,512,LLVM,13,130800091,999936,48932,0
hot_lookup,512,gsym-rs,14,100822843,999936,48932,0
hot_lookup,512,LLVM,14,130552784,999936,48932,0
hot_lookup,512,gsym-rs,15,101745024,999936,48932,0
hot_lookup,512,LLVM,15,131533185,999936,48932,0
hot_lookup,512,LLVM,16,130759434,999936,48932,0
hot_lookup,512,gsym-rs,16,100449880,999936,48932,0
hot_lookup,512,LLVM,17,129960687,999936,48932,0
hot_lookup,512,gsym-rs,17,100028465,999936,48932,0
hot_lookup,512,gsym-rs,18,100121030,999936,48932,0
hot_lookup,512,LLVM,18,130563164,999936,48932,0
hot_lookup,512,gsym-rs,19,99594305,999936,48932,0
hot_lookup,512,LLVM,19,130921570,999936,48932,0
hot_lookup,512,gsym-rs,20,99552376,999936,48932,0
hot_lookup,512,LLVM,20,130075313,999936,48932,0
hot_lookup,512,LLVM,21,130746951,999936,48932,0
hot_lookup,512,gsym-rs,21,99709062,999936,48932,0
hot_lookup,512,LLVM,22,130979640,999936,48932,0
hot_lookup,512,gsym-rs,22,99765439,999936,48932,0
hot_lookup,512,gsym-rs,23,99534913,999936,48932,0
hot_lookup,512,LLVM,23,129624052,999936,48932,0
hot_lookup,512,LLVM,24,129747314,999936,48932,0
hot_lookup,512,gsym-rs,24,99817326,999936,48932,0
hot_lookup,1024,LLVM,0,131596033,999424,97596,0
hot_lookup,1024,gsym-rs,0,101182142,999424,97596,0
hot_lookup,1024,gsym-rs,1,100844254,999424,97596,0
hot_lookup,1024,LLVM,1,130468265,999424,97596,0
hot_lookup,1024,LLVM,2,130223022,999424,97596,0
hot_lookup,1024,gsym-rs,2,101308049,999424,97596,0
hot_lookup,1024,gsym-rs,3,100813096,999424,97596,0
hot_lookup,1024,LLVM,3,130853101,999424,97596,0
hot_lookup,1024,gsym-rs,4,100932982,999424,97596,0
hot_lookup,1024,LLVM,4,131523937,999424,97596,0
hot_lookup,1024,LLVM,5,130468205,999424,97596,0
hot_lookup,1024,gsym-rs,5,101486185,999424,97596,0
hot_lookup,1024,LLVM,6,131322377,999424,97596,0
hot_lookup,1024,gsym-rs,6,100689852,999424,97596,0
hot_lookup,1024,LLVM,7,131932648,999424,97596,0
hot_lookup,1024,gsym-rs,7,100522266,999424,97596,0
hot_lookup,1024,gsym-rs,8,100761347,999424,97596,0
hot_lookup,1024,LLVM,8,131183334,999424,97596,0
hot_lookup,1024,LLVM,9,130596717,999424,97596,0
hot_lookup,1024,gsym-rs,9,100799420,999424,97596,0
hot_lookup,1024,gsym-rs,10,101156464,999424,97596,0
hot_lookup,1024,LLVM,10,131468883,999424,97596,0
hot_lookup,1024,LLVM,11,130834116,999424,97596,0
hot_lookup,1024,gsym-rs,11,100807094,999424,97596,0
hot_lookup,1024,gsym-rs,12,100978848,999424,97596,0
hot_lookup,1024,LLVM,12,130876435,999424,97596,0
hot_lookup,1024,gsym-rs,13,101166722,999424,97596,0
hot_lookup,1024,LLVM,13,130524942,999424,97596,0
hot_lookup,1024,LLVM,14,132940130,999424,97596,0
hot_lookup,1024,gsym-rs,14,101924442,999424,97596,0
hot_lookup,1024,LLVM,15,130797907,999424,97596,0
hot_lookup,1024,gsym-rs,15,100835929,999424,97596,0
hot_lookup,1024,LLVM,16,131583068,999424,97596,0
hot_lookup,1024,gsym-rs,16,102168813,999424,97596,0
hot_lookup,1024,LLVM,17,132048397,999424,97596,0
hot_lookup,1024,gsym-rs,17,100680425,999424,97596,0
hot_lookup,1024,gsym-rs,18,100578682,999424,97596,0
hot_lookup,1024,LLVM,18,131180889,999424,97596,0
hot_lookup,1024,gsym-rs,19,100658734,999424,97596,0
hot_lookup,1024,LLVM,19,130932571,999424,97596,0
hot_lookup,1024,gsym-rs,20,100583873,999424,97596,0
hot_lookup,1024,LLVM,20,130459468,999424,97596,0
hot_lookup,1024,LLVM,21,131220805,999424,97596,0
hot_lookup,1024,gsym-rs,21,100619280,999424,97596,0
hot_lookup,1024,gsym-rs,22,100531724,999424,97596,0
hot_lookup,1024,LLVM,22,131219502,999424,97596,0
hot_lookup,1024,LLVM,23,130830849,999424,97596,0
hot_lookup,1024,gsym-rs,23,100843673,999424,97596,0
hot_lookup,1024,LLVM,24,130736301,999424,97596,0
hot_lookup,1024,gsym-rs,24,102048427,999424,97596,0
hot_lookup,2048,LLVM,0,133005693,999424,200016,0
hot_lookup,2048,gsym-rs,0,101902301,999424,200016,0
hot_lookup,2048,gsym-rs,1,102868855,999424,200016,0
hot_lookup,2048,LLVM,1,133304196,999424,200016,0
hot_lookup,2048,gsym-rs,2,101405112,999424,200016,0
hot_lookup,2048,LLVM,2,132962772,999424,200016,0
hot_lookup,2048,gsym-rs,3,101538434,999424,200016,0
hot_lookup,2048,LLVM,3,133359822,999424,200016,0
hot_lookup,2048,LLVM,4,134021981,999424,200016,0
hot_lookup,2048,gsym-rs,4,102365505,999424,200016,0
hot_lookup,2048,gsym-rs,5,102219860,999424,200016,0
hot_lookup,2048,LLVM,5,133351887,999424,200016,0
hot_lookup,2048,LLVM,6,134175931,999424,200016,0
hot_lookup,2048,gsym-rs,6,101667918,999424,200016,0
hot_lookup,2048,LLVM,7,133842903,999424,200016,0
hot_lookup,2048,gsym-rs,7,101326294,999424,200016,0
hot_lookup,2048,gsym-rs,8,102234217,999424,200016,0
hot_lookup,2048,LLVM,8,133404285,999424,200016,0
hot_lookup,2048,LLVM,9,133523420,999424,200016,0
hot_lookup,2048,gsym-rs,9,101638253,999424,200016,0
hot_lookup,2048,gsym-rs,10,101713865,999424,200016,0
hot_lookup,2048,LLVM,10,133408353,999424,200016,0
hot_lookup,2048,LLVM,11,133500056,999424,200016,0
hot_lookup,2048,gsym-rs,11,101517054,999424,200016,0
hot_lookup,2048,gsym-rs,12,102480622,999424,200016,0
hot_lookup,2048,LLVM,12,133812144,999424,200016,0
hot_lookup,2048,LLVM,13,133768683,999424,200016,0
hot_lookup,2048,gsym-rs,13,102430527,999424,200016,0
hot_lookup,2048,LLVM,14,132900365,999424,200016,0
hot_lookup,2048,gsym-rs,14,101586825,999424,200016,0
hot_lookup,2048,LLVM,15,134479404,999424,200016,0
hot_lookup,2048,gsym-rs,15,101728894,999424,200016,0
hot_lookup,2048,LLVM,16,133206752,999424,200016,0
hot_lookup,2048,gsym-rs,16,101779409,999424,200016,0
hot_lookup,2048,gsym-rs,17,101701351,999424,200016,0
hot_lookup,2048,LLVM,17,133157830,999424,200016,0
hot_lookup,2048,gsym-rs,18,120188658,999424,200016,0
hot_lookup,2048,LLVM,18,135381897,999424,200016,0
hot_lookup,2048,gsym-rs,19,101889286,999424,200016,0
hot_lookup,2048,LLVM,19,134408100,999424,200016,0
hot_lookup,2048,LLVM,20,135232925,999424,200016,0
hot_lookup,2048,gsym-rs,20,105919852,999424,200016,0
hot_lookup,2048,LLVM,21,135616559,999424,200016,0
hot_lookup,2048,gsym-rs,21,101711220,999424,200016,0
hot_lookup,2048,LLVM,22,134679341,999424,200016,0
hot_lookup,2048,gsym-rs,22,104604429,999424,200016,0
hot_lookup,2048,LLVM,23,137591947,999424,200016,0
hot_lookup,2048,gsym-rs,23,101926677,999424,200016,0
hot_lookup,2048,gsym-rs,24,102293970,999424,200016,0
hot_lookup,2048,LLVM,24,133463658,999424,200016,0
hot_lookup,4096,gsym-rs,0,103789532,999424,408912,0
hot_lookup,4096,LLVM,0,134799658,999424,408912,0
hot_lookup,4096,LLVM,1,136269512,999424,408912,0
hot_lookup,4096,gsym-rs,1,107089699,999424,408912,0
hot_lookup,4096,LLVM,2,137776205,999424,408912,0
hot_lookup,4096,gsym-rs,2,103708549,999424,408912,0
hot_lookup,4096,LLVM,3,137411808,999424,408912,0
hot_lookup,4096,gsym-rs,3,105876510,999424,408912,0
hot_lookup,4096,LLVM,4,137064061,999424,408912,0
hot_lookup,4096,gsym-rs,4,104405755,999424,408912,0
hot_lookup,4096,gsym-rs,5,105392647,999424,408912,0
hot_lookup,4096,LLVM,5,136801165,999424,408912,0
hot_lookup,4096,gsym-rs,6,103589525,999424,408912,0
hot_lookup,4096,LLVM,6,136209138,999424,408912,0
hot_lookup,4096,LLVM,7,136725312,999424,408912,0
hot_lookup,4096,gsym-rs,7,104455399,999424,408912,0
hot_lookup,4096,LLVM,8,135482247,999424,408912,0
hot_lookup,4096,gsym-rs,8,108821407,999424,408912,0
hot_lookup,4096,LLVM,9,135235441,999424,408912,0
hot_lookup,4096,gsym-rs,9,104565557,999424,408912,0
hot_lookup,4096,LLVM,10,136173460,999424,408912,0
hot_lookup,4096,gsym-rs,10,107247397,999424,408912,0
hot_lookup,4096,LLVM,11,135964988,999424,408912,0
hot_lookup,4096,gsym-rs,11,103503652,999424,408912,0
hot_lookup,4096,gsym-rs,12,104831838,999424,408912,0
hot_lookup,4096,LLVM,12,136262499,999424,408912,0
hot_lookup,4096,LLVM,13,135530056,999424,408912,0
hot_lookup,4096,gsym-rs,13,103987065,999424,408912,0
hot_lookup,4096,LLVM,14,137286371,999424,408912,0
hot_lookup,4096,gsym-rs,14,105653900,999424,408912,0
hot_lookup,4096,gsym-rs,15,103878059,999424,408912,0
hot_lookup,4096,LLVM,15,135565062,999424,408912,0
hot_lookup,4096,LLVM,16,137611054,999424,408912,0
hot_lookup,4096,gsym-rs,16,105910785,999424,408912,0
hot_lookup,4096,LLVM,17,135673898,999424,408912,0
hot_lookup,4096,gsym-rs,17,104162977,999424,408912,0
hot_lookup,4096,LLVM,18,136638077,999424,408912,0
hot_lookup,4096,gsym-rs,18,108023942,999424,408912,0
hot_lookup,4096,LLVM,19,134688288,999424,408912,0
hot_lookup,4096,gsym-rs,19,105024212,999424,408912,0
hot_lookup,4096,LLVM,20,137911591,999424,408912,0
hot_lookup,4096,gsym-rs,20,104139783,999424,408912,0
hot_lookup,4096,LLVM,21,134497147,999424,408912,0
hot_lookup,4096,gsym-rs,21,105420449,999424,408912,0
hot_lookup,4096,gsym-rs,22,105109112,999424,408912,0
hot_lookup,4096,LLVM,22,134847779,999424,408912,0
hot_lookup,4096,gsym-rs,23,103413282,999424,408912,0
hot_lookup,4096,LLVM,23,134584923,999424,408912,0
hot_lookup,4096,gsym-rs,24,103449019,999424,408912,0
hot_lookup,4096,LLVM,24,134890991,999424,408912,0
hot_lookup,8192,gsym-rs,0,105211735,999424,826704,0
hot_lookup,8192,LLVM,0,136222613,999424,826704,0
hot_lookup,8192,gsym-rs,1,106304217,999424,826704,0
hot_lookup,8192,LLVM,1,137043171,999424,826704,0
hot_lookup,8192,gsym-rs,2,105347853,999424,826704,0
hot_lookup,8192,LLVM,2,137143100,999424,826704,0
hot_lookup,8192,gsym-rs,3,105249638,999424,826704,0
hot_lookup,8192,LLVM,3,137106010,999424,826704,0
hot_lookup,8192,gsym-rs,4,105376236,999424,826704,0
hot_lookup,8192,LLVM,4,136705495,999424,826704,0
hot_lookup,8192,gsym-rs,5,105708383,999424,826704,0
hot_lookup,8192,LLVM,5,137333620,999424,826704,0
hot_lookup,8192,gsym-rs,6,107610662,999424,826704,0
hot_lookup,8192,LLVM,6,138153016,999424,826704,0
hot_lookup,8192,gsym-rs,7,105174084,999424,826704,0
hot_lookup,8192,LLVM,7,137084620,999424,826704,0
hot_lookup,8192,gsym-rs,8,105501873,999424,826704,0
hot_lookup,8192,LLVM,8,136984591,999424,826704,0
hot_lookup,8192,gsym-rs,9,107066635,999424,826704,0
hot_lookup,8192,LLVM,9,137028745,999424,826704,0
hot_lookup,8192,LLVM,10,137555719,999424,826704,0
hot_lookup,8192,gsym-rs,10,106309176,999424,826704,0
hot_lookup,8192,gsym-rs,11,106015883,999424,826704,0
hot_lookup,8192,LLVM,11,137324593,999424,826704,0
hot_lookup,8192,LLVM,12,136840339,999424,826704,0
hot_lookup,8192,gsym-rs,12,105505680,999424,826704,0
hot_lookup,8192,LLVM,13,137945434,999424,826704,0
hot_lookup,8192,gsym-rs,13,106429543,999424,826704,0
hot_lookup,8192,gsym-rs,14,105328706,999424,826704,0
hot_lookup,8192,LLVM,14,136976747,999424,826704,0
hot_lookup,8192,gsym-rs,15,105197649,999424,826704,0
hot_lookup,8192,LLVM,15,136812817,999424,826704,0
hot_lookup,8192,gsym-rs,16,105273232,999424,826704,0
hot_lookup,8192,LLVM,16,136728438,999424,826704,0
hot_lookup,8192,LLVM,17,137196912,999424,826704,0
hot_lookup,8192,gsym-rs,17,104849763,999424,826704,0
hot_lookup,8192,LLVM,18,137489754,999424,826704,0
hot_lookup,8192,gsym-rs,18,105194983,999424,826704,0
hot_lookup,8192,LLVM,19,137793268,999424,826704,0
hot_lookup,8192,gsym-rs,19,105760191,999424,826704,0
hot_lookup,8192,LLVM,20,136651182,999424,826704,0
hot_lookup,8192,gsym-rs,20,105798252,999424,826704,0
hot_lookup,8192,LLVM,21,138508167,999424,826704,0
hot_lookup,8192,gsym-rs,21,105550885,999424,826704,0
hot_lookup,8192,gsym-rs,22,105832597,999424,826704,0
hot_lookup,8192,LLVM,22,136884111,999424,826704,0
hot_lookup,8192,gsym-rs,23,110433249,999424,826704,0
hot_lookup,8192,LLVM,23,137342176,999424,826704,0
hot_lookup,8192,gsym-rs,24,105243426,999424,826704,0
hot_lookup,8192,LLVM,24,137222359,999424,826704,0
hot_lookup,16384,LLVM,0,139133456,999424,1668672,0
hot_lookup,16384,gsym-rs,0,107381761,999424,1668672,0
hot_lookup,16384,LLVM,1,138704687,999424,1668672,0
hot_lookup,16384,gsym-rs,1,108079207,999424,1668672,0
hot_lookup,16384,gsym-rs,2,107805150,999424,1668672,0
hot_lookup,16384,LLVM,2,140741250,999424,1668672,0
hot_lookup,16384,LLVM,3,138996047,999424,1668672,0
hot_lookup,16384,gsym-rs,3,107748452,999424,1668672,0
hot_lookup,16384,LLVM,4,139487995,999424,1668672,0
hot_lookup,16384,gsym-rs,4,107581367,999424,1668672,0
hot_lookup,16384,LLVM,5,138799506,999424,1668672,0
hot_lookup,16384,gsym-rs,5,107246655,999424,1668672,0
hot_lookup,16384,LLVM,6,138690550,999424,1668672,0
hot_lookup,16384,gsym-rs,6,107639496,999424,1668672,0
hot_lookup,16384,LLVM,7,139860228,999424,1668672,0
hot_lookup,16384,gsym-rs,7,107254891,999424,1668672,0
hot_lookup,16384,LLVM,8,139157752,999424,1668672,0
hot_lookup,16384,gsym-rs,8,107477701,999424,1668672,0
hot_lookup,16384,gsym-rs,9,107236677,999424,1668672,0
hot_lookup,16384,LLVM,9,139376134,999424,1668672,0
hot_lookup,16384,LLVM,10,140924786,999424,1668672,0
hot_lookup,16384,gsym-rs,10,107339391,999424,1668672,0
hot_lookup,16384,LLVM,11,139058495,999424,1668672,0
hot_lookup,16384,gsym-rs,11,107403041,999424,1668672,0
hot_lookup,16384,LLVM,12,139777672,999424,1668672,0
hot_lookup,16384,gsym-rs,12,107368655,999424,1668672,0
hot_lookup,16384,gsym-rs,13,107875802,999424,1668672,0
hot_lookup,16384,LLVM,13,138442372,999424,1668672,0
hot_lookup,16384,LLVM,14,138511182,999424,1668672,0
hot_lookup,16384,gsym-rs,14,107351002,999424,1668672,0
hot_lookup,16384,gsym-rs,15,107376090,999424,1668672,0
hot_lookup,16384,LLVM,15,140094029,999424,1668672,0
hot_lookup,16384,LLVM,16,138915264,999424,1668672,0
hot_lookup,16384,gsym-rs,16,107014798,999424,1668672,0
hot_lookup,16384,LLVM,17,138673629,999424,1668672,0
hot_lookup,16384,gsym-rs,17,107004468,999424,1668672,0
hot_lookup,16384,gsym-rs,18,107445420,999424,1668672,0
hot_lookup,16384,LLVM,18,138878264,999424,1668672,0
hot_lookup,16384,LLVM,19,138832408,999424,1668672,0
hot_lookup,16384,gsym-rs,19,107943380,999424,1668672,0
hot_lookup,16384,LLVM,20,139466685,999424,1668672,0
hot_lookup,16384,gsym-rs,20,108173865,999424,1668672,0
hot_lookup,16384,LLVM,21,140472373,999424,1668672,0
hot_lookup,16384,gsym-rs,21,107343308,999424,1668672,0
hot_lookup,16384,gsym-rs,22,107206520,999424,1668672,0
hot_lookup,16384,LLVM,22,139002820,999424,1668672,0
hot_lookup,16384,gsym-rs,23,107017433,999424,1668672,0
hot_lookup,16384,LLVM,23,139340928,999424,1668672,0
hot_lookup,16384,LLVM,24,138825826,999424,1668672,0
hot_lookup,16384,gsym-rs,24,107334251,999424,1668672,0
hot_lookup,32768,gsym-rs,0,107237509,983040,3356224,0
hot_lookup,32768,LLVM,0,138262502,983040,3356224,0
hot_lookup,32768,gsym-rs,1,107792636,983040,3356224,0
hot_lookup,32768,LLVM,1,139275394,983040,3356224,0
hot_lookup,32768,gsym-rs,2,107517757,983040,3356224,0
hot_lookup,32768,LLVM,2,138146965,983040,3356224,0
hot_lookup,32768,LLVM,3,138682926,983040,3356224,0
hot_lookup,32768,gsym-rs,3,107542474,983040,3356224,0
hot_lookup,32768,LLVM,4,148008824,983040,3356224,0
hot_lookup,32768,gsym-rs,4,107639657,983040,3356224,0
hot_lookup,32768,gsym-rs,5,107478012,983040,3356224,0
hot_lookup,32768,LLVM,5,138286869,983040,3356224,0
hot_lookup,32768,LLVM,6,139073112,983040,3356224,0
hot_lookup,32768,gsym-rs,6,107415023,983040,3356224,0
hot_lookup,32768,gsym-rs,7,107896992,983040,3356224,0
hot_lookup,32768,LLVM,7,138509699,983040,3356224,0
hot_lookup,32768,LLVM,8,139489448,983040,3356224,0
hot_lookup,32768,gsym-rs,8,107395677,983040,3356224,0
hot_lookup,32768,LLVM,9,139261618,983040,3356224,0
hot_lookup,32768,gsym-rs,9,107673170,983040,3356224,0
hot_lookup,32768,gsym-rs,10,107631442,983040,3356224,0
hot_lookup,32768,LLVM,10,138683547,983040,3356224,0
hot_lookup,32768,gsym-rs,11,107503750,983040,3356224,0
hot_lookup,32768,LLVM,11,138871812,983040,3356224,0
hot_lookup,32768,LLVM,12,139035401,983040,3356224,0
hot_lookup,32768,gsym-rs,12,125472478,983040,3356224,0
hot_lookup,32768,gsym-rs,13,107329512,983040,3356224,0
hot_lookup,32768,LLVM,13,138609337,983040,3356224,0
hot_lookup,32768,gsym-rs,14,107164651,983040,3356224,0
hot_lookup,32768,LLVM,14,138625086,983040,3356224,0
hot_lookup,32768,gsym-rs,15,108480013,983040,3356224,0
hot_lookup,32768,LLVM,15,147355722,983040,3356224,0
hot_lookup,32768,LLVM,16,138827429,983040,3356224,0
hot_lookup,32768,gsym-rs,16,107258898,983040,3356224,0
hot_lookup,32768,gsym-rs,17,107681717,983040,3356224,0
hot_lookup,32768,LLVM,17,138136375,983040,3356224,0
hot_lookup,32768,gsym-rs,18,112445757,983040,3356224,0
hot_lookup,32768,LLVM,18,139231632,983040,3356224,0
hot_lookup,32768,LLVM,19,138823992,983040,3356224,0
hot_lookup,32768,gsym-rs,19,107381330,983040,3356224,0
hot_lookup,32768,LLVM,20,138426382,983040,3356224,0
hot_lookup,32768,gsym-rs,20,107255993,983040,3356224,0
hot_lookup,32768,LLVM,21,137792726,983040,3356224,0
hot_lookup,32768,gsym-rs,21,108195626,983040,3356224,0
hot_lookup,32768,gsym-rs,22,107784080,983040,3356224,0
hot_lookup,32768,LLVM,22,138353104,983040,3356224,0
hot_lookup,32768,LLVM,23,139439103,983040,3356224,0
hot_lookup,32768,gsym-rs,23,107492008,983040,3356224,0
hot_lookup,32768,gsym-rs,24,108764981,983040,3356224,0
hot_lookup,32768,LLVM,24,139248373,983040,3356224,0
